[2026-04-14 06:36:12] local.ERROR: SQLSTATE[HY000] [2002] Aucune connexion n’a pu être établie car l’ordinateur cible l’a expressément refusée (Connection: mysql, Host: 127.0.0.1, Port: 3306, Database: db, SQL: select * from `cache` where `key` in (laravel-cache-illuminate:queue:paused:database:default)) {"exception":"[object] (Illuminate\\Database\\QueryException(code: 2002): SQLSTATE[HY000] [2002] Aucune connexion n’a pu être établie car l’ordinateur cible l’a expressément refusée (Connection: mysql, Host: 127.0.0.1, Port: 3306, Database: db, SQL: select * from `cache` where `key` in (laravel-cache-illuminate:queue:paused:database:default)) at D:/HOPES/Framework_dossier_start/starter_kit_laravel/vendor/laravel/framework/src/Illuminate/Database/Connection.php:841)
[stacktrace]
#0 D:/HOPES/Framework_dossier_start/starter_kit_laravel/vendor/laravel/framework/src/Illuminate/Database/Connection.php(797): Illuminate/Database/Connection->runQueryCallback('select * from `...', Array, Object(Closure))
#1 D:/HOPES/Framework_dossier_start/starter_kit_laravel/vendor/laravel/framework/src/Illuminate/Database/Connection.php(412): Illuminate/Database/Connection->run('select * from `...', Array, Object(Closure))
#2 D:/HOPES/Framework_dossier_start/starter_kit_laravel/vendor/laravel/framework/src/Illuminate/Database/Query/Builder.php(3562): Illuminate/Database/Connection->select('select * from `...', Array, true, Array)
#3 D:/HOPES/Framework_dossier_start/starter_kit_laravel/vendor/laravel/framework/src/Illuminate/Database/Query/Builder.php(3546): Illuminate/Database/Query/Builder->runSelect()
#4 D:/HOPES/Framework_dossier_start/starter_kit_laravel/vendor/laravel/framework/src/Illuminate/Cache/DatabaseStore.php(142): Illuminate/Database/Query/Builder->get()
#5 D:/HOPES/Framework_dossier_start/starter_kit_laravel/vendor/laravel/framework/src/Illuminate/Cache/DatabaseStore.php(117): Illuminate/Cache/DatabaseStore->many(Array)
#6 D:/HOPES/Framework_dossier_start/starter_kit_laravel/vendor/laravel/framework/src/Illuminate/Cache/Repository.php(124): Illuminate/Cache/DatabaseStore->get('illuminate:queu...')
#7 D:/HOPES/Framework_dossier_start/starter_kit_laravel/vendor/laravel/framework/src/Illuminate/Queue/QueueManager.php(284): Illuminate/Cache/Repository->get('illuminate:queu...', false)
#8 D:/HOPES/Framework_dossier_start/starter_kit_laravel/vendor/laravel/framework/src/Illuminate/Queue/Worker.php(436): Illuminate/Queue/QueueManager->isPaused('database', 'default')
#9 D:/HOPES/Framework_dossier_start/starter_kit_laravel/vendor/laravel/framework/src/Illuminate/Queue/Worker.php(404): Illuminate/Queue/Worker->queuePaused('database', 'default')
#10 D:/HOPES/Framework_dossier_start/starter_kit_laravel/vendor/laravel/framework/src/Illuminate/Queue/Worker.php(365): Illuminate/Queue/Worker->getNextJob(Object(Illuminate/Queue/DatabaseQueue), 'default')
#11 D:/HOPES/Framework_dossier_start/starter_kit_laravel/vendor/laravel/framework/src/Illuminate/Queue/Console/WorkCommand.php(148): Illuminate/Queue/Worker->runNextJob('database', 'default', Object(Illuminate/Queue/WorkerOptions))
#12 D:/HOPES/Framework_dossier_start/starter_kit_laravel/vendor/laravel/framework/src/Illuminate/Queue/Console/WorkCommand.php(131): Illuminate/Queue/Console/WorkCommand->runWorker('database', 'default')
#13 D:/HOPES/Framework_dossier_start/starter_kit_laravel/vendor/laravel/framework/src/Illuminate/Container/BoundMethod.php(36): Illuminate/Queue/Console/WorkCommand->handle()
#14 D:/HOPES/Framework_dossier_start/starter_kit_laravel/vendor/laravel/framework/src/Illuminate/Container/Util.php(43): Illuminate/Container/BoundMethod::{closure:Illuminate/Container/BoundMethod::call():35}()
#15 D:/HOPES/Framework_dossier_start/starter_kit_laravel/vendor/laravel/framework/src/Illuminate/Container/BoundMethod.php(96): Illuminate/Container/Util::unwrapIfClosure(Object(Closure))
#16 D:/HOPES/Framework_dossier_start/starter_kit_laravel/vendor/laravel/framework/src/Illuminate/Container/BoundMethod.php(35): Illuminate/Container/BoundMethod::callBoundMethod(Object(Illuminate/Foundation/Application), Array, Object(Closure))
#17 D:/HOPES/Framework_dossier_start/starter_kit_laravel/vendor/laravel/framework/src/Illuminate/Container/Container.php(799): Illuminate/Container/BoundMethod::call(Object(Illuminate/Foundation/Application), Array, Array, NULL)
#18 D:/HOPES/Framework_dossier_start/starter_kit_laravel/vendor/laravel/framework/src/Illuminate/Console/Command.php(280): Illuminate/Container/Container->call(Array)
#19 D:/HOPES/Framework_dossier_start/starter_kit_laravel/vendor/symfony/console/Command/Command.php(291): Illuminate/Console/Command->execute(Object(Symfony/Component/Console/Input/ArgvInput), Object(Illuminate/Console/OutputStyle))
#20 D:/HOPES/Framework_dossier_start/starter_kit_laravel/vendor/laravel/framework/src/Illuminate/Console/Command.php(249): Symfony/Component/Console/Command/Command->run(Object(Symfony/Component/Console/Input/ArgvInput), Object(Illuminate/Console/OutputStyle))
#21 D:/HOPES/Framework_dossier_start/starter_kit_laravel/vendor/symfony/console/Application.php(1107): Illuminate/Console/Command->run(Object(Symfony/Component/Console/Input/ArgvInput), Object(Symfony/Component/Console/Output/ConsoleOutput))
#22 D:/HOPES/Framework_dossier_start/starter_kit_laravel/vendor/symfony/console/Application.php(356): Symfony/Component/Console/Application->doRunCommand(Object(Illuminate/Queue/Console/WorkCommand), Object(Symfony/Component/Console/Input/ArgvInput), Object(Symfony/Component/Console/Output/ConsoleOutput))
#23 D:/HOPES/Framework_dossier_start/starter_kit_laravel/vendor/symfony/console/Application.php(195): Symfony/Component/Console/Application->doRun(Object(Symfony/Component/Console/Input/ArgvInput), Object(Symfony/Component/Console/Output/ConsoleOutput))
#24 D:/HOPES/Framework_dossier_start/starter_kit_laravel/vendor/laravel/framework/src/Illuminate/Foundation/Console/Kernel.php(198): Symfony/Component/Console/Application->run(Object(Symfony/Component/Console/Input/ArgvInput), Object(Symfony/Component/Console/Output/ConsoleOutput))
#25 D:/HOPES/Framework_dossier_start/starter_kit_laravel/vendor/laravel/framework/src/Illuminate/Foundation/Application.php(1235): Illuminate/Foundation/Console/Kernel->handle(Object(Symfony/Component/Console/Input/ArgvInput), Object(Symfony/Component/Console/Output/ConsoleOutput))
#26 D:/HOPES/Framework_dossier_start/starter_kit_laravel/artisan(16): Illuminate/Foundation/Application->handleCommand(Object(Symfony/Component/Console/Input/ArgvInput))
#27 {main}

[previous exception] [object] (PDOException(code: 2002): SQLSTATE[HY000] [2002] Aucune connexion n’a pu être établie car l’ordinateur cible l’a expressément refusée at D:/HOPES/Framework_dossier_start/starter_kit_laravel/vendor/laravel/framework/src/Illuminate/Database/Connectors/Connector.php:67)
[stacktrace]
#0 D:/HOPES/Framework_dossier_start/starter_kit_laravel/vendor/laravel/framework/src/Illuminate/Database/Connectors/Connector.php(67): PDO::connect('mysql:host=127....', 'root', Object(SensitiveParameterValue), Array)
#1 D:/HOPES/Framework_dossier_start/starter_kit_laravel/vendor/laravel/framework/src/Illuminate/Database/Connectors/Connector.php(44): Illuminate/Database/Connectors/Connector->createPdoConnection('mysql:host=127....', 'root', Object(SensitiveParameterValue), Array)
#2 D:/HOPES/Framework_dossier_start/starter_kit_laravel/vendor/laravel/framework/src/Illuminate/Database/Connectors/MySqlConnector.php(24): Illuminate/Database/Connectors/Connector->createConnection('mysql:host=127....', Array, Array)
#3 D:/HOPES/Framework_dossier_start/starter_kit_laravel/vendor/laravel/framework/src/Illuminate/Database/Connectors/ConnectionFactory.php(186): Illuminate/Database/Connectors/MySqlConnector->connect(Array)
#4 [internal function]: Illuminate/Database/Connectors/ConnectionFactory->{closure:Illuminate/Database/Connectors/ConnectionFactory::createPdoResolverWithHosts():181}()
#5 D:/HOPES/Framework_dossier_start/starter_kit_laravel/vendor/laravel/framework/src/Illuminate/Database/Connection.php(1279): call_user_func(Object(Closure))
#6 D:/HOPES/Framework_dossier_start/starter_kit_laravel/vendor/laravel/framework/src/Illuminate/Database/Connection.php(1317): Illuminate/Database/Connection->getPdo()
#7 D:/HOPES/Framework_dossier_start/starter_kit_laravel/vendor/laravel/framework/src/Illuminate/Database/Connection.php(528): Illuminate/Database/Connection->getReadPdo()
#8 D:/HOPES/Framework_dossier_start/starter_kit_laravel/vendor/laravel/framework/src/Illuminate/Database/Connection.php(421): Illuminate/Database/Connection->getPdoForSelect(true)
#9 D:/HOPES/Framework_dossier_start/starter_kit_laravel/vendor/laravel/framework/src/Illuminate/Database/Connection.php(830): Illuminate/Database/Connection->{closure:Illuminate/Database/Connection::select():412}('select * from `...', Array)
#10 D:/HOPES/Framework_dossier_start/starter_kit_laravel/vendor/laravel/framework/src/Illuminate/Database/Connection.php(797): Illuminate/Database/Connection->runQueryCallback('select * from `...', Array, Object(Closure))
#11 D:/HOPES/Framework_dossier_start/starter_kit_laravel/vendor/laravel/framework/src/Illuminate/Database/Connection.php(412): Illuminate/Database/Connection->run('select * from `...', Array, Object(Closure))
#12 D:/HOPES/Framework_dossier_start/starter_kit_laravel/vendor/laravel/framework/src/Illuminate/Database/Query/Builder.php(3562): Illuminate/Database/Connection->select('select * from `...', Array, true, Array)
#13 D:/HOPES/Framework_dossier_start/starter_kit_laravel/vendor/laravel/framework/src/Illuminate/Database/Query/Builder.php(3546): Illuminate/Database/Query/Builder->runSelect()
#14 D:/HOPES/Framework_dossier_start/starter_kit_laravel/vendor/laravel/framework/src/Illuminate/Cache/DatabaseStore.php(142): Illuminate/Database/Query/Builder->get()
#15 D:/HOPES/Framework_dossier_start/starter_kit_laravel/vendor/laravel/framework/src/Illuminate/Cache/DatabaseStore.php(117): Illuminate/Cache/DatabaseStore->many(Array)
#16 D:/HOPES/Framework_dossier_start/starter_kit_laravel/vendor/laravel/framework/src/Illuminate/Cache/Repository.php(124): Illuminate/Cache/DatabaseStore->get('illuminate:queu...')
#17 D:/HOPES/Framework_dossier_start/starter_kit_laravel/vendor/laravel/framework/src/Illuminate/Queue/QueueManager.php(284): Illuminate/Cache/Repository->get('illuminate:queu...', false)
#18 D:/HOPES/Framework_dossier_start/starter_kit_laravel/vendor/laravel/framework/src/Illuminate/Queue/Worker.php(436): Illuminate/Queue/QueueManager->isPaused('database', 'default')
#19 D:/HOPES/Framework_dossier_start/starter_kit_laravel/vendor/laravel/framework/src/Illuminate/Queue/Worker.php(404): Illuminate/Queue/Worker->queuePaused('database', 'default')
#20 D:/HOPES/Framework_dossier_start/starter_kit_laravel/vendor/laravel/framework/src/Illuminate/Queue/Worker.php(365): Illuminate/Queue/Worker->getNextJob(Object(Illuminate/Queue/DatabaseQueue), 'default')
#21 D:/HOPES/Framework_dossier_start/starter_kit_laravel/vendor/laravel/framework/src/Illuminate/Queue/Console/WorkCommand.php(148): Illuminate/Queue/Worker->runNextJob('database', 'default', Object(Illuminate/Queue/WorkerOptions))
#22 D:/HOPES/Framework_dossier_start/starter_kit_laravel/vendor/laravel/framework/src/Illuminate/Queue/Console/WorkCommand.php(131): Illuminate/Queue/Console/WorkCommand->runWorker('database', 'default')
#23 D:/HOPES/Framework_dossier_start/starter_kit_laravel/vendor/laravel/framework/src/Illuminate/Container/BoundMethod.php(36): Illuminate/Queue/Console/WorkCommand->handle()
#24 D:/HOPES/Framework_dossier_start/starter_kit_laravel/vendor/laravel/framework/src/Illuminate/Container/Util.php(43): Illuminate/Container/BoundMethod::{closure:Illuminate/Container/BoundMethod::call():35}()
#25 D:/HOPES/Framework_dossier_start/starter_kit_laravel/vendor/laravel/framework/src/Illuminate/Container/BoundMethod.php(96): Illuminate/Container/Util::unwrapIfClosure(Object(Closure))
#26 D:/HOPES/Framework_dossier_start/starter_kit_laravel/vendor/laravel/framework/src/Illuminate/Container/BoundMethod.php(35): Illuminate/Container/BoundMethod::callBoundMethod(Object(Illuminate/Foundation/Application), Array, Object(Closure))
#27 D:/HOPES/Framework_dossier_start/starter_kit_laravel/vendor/laravel/framework/src/Illuminate/Container/Container.php(799): Illuminate/Container/BoundMethod::call(Object(Illuminate/Foundation/Application), Array, Array, NULL)
#28 D:/HOPES/Framework_dossier_start/starter_kit_laravel/vendor/laravel/framework/src/Illuminate/Console/Command.php(280): Illuminate/Container/Container->call(Array)
#29 D:/HOPES/Framework_dossier_start/starter_kit_laravel/vendor/symfony/console/Command/Command.php(291): Illuminate/Console/Command->execute(Object(Symfony/Component/Console/Input/ArgvInput), Object(Illuminate/Console/OutputStyle))
#30 D:/HOPES/Framework_dossier_start/starter_kit_laravel/vendor/laravel/framework/src/Illuminate/Console/Command.php(249): Symfony/Component/Console/Command/Command->run(Object(Symfony/Component/Console/Input/ArgvInput), Object(Illuminate/Console/OutputStyle))
#31 D:/HOPES/Framework_dossier_start/starter_kit_laravel/vendor/symfony/console/Application.php(1107): Illuminate/Console/Command->run(Object(Symfony/Component/Console/Input/ArgvInput), Object(Symfony/Component/Console/Output/ConsoleOutput))
#32 D:/HOPES/Framework_dossier_start/starter_kit_laravel/vendor/symfony/console/Application.php(356): Symfony/Component/Console/Application->doRunCommand(Object(Illuminate/Queue/Console/WorkCommand), Object(Symfony/Component/Console/Input/ArgvInput), Object(Symfony/Component/Console/Output/ConsoleOutput))
#33 D:/HOPES/Framework_dossier_start/starter_kit_laravel/vendor/symfony/console/Application.php(195): Symfony/Component/Console/Application->doRun(Object(Symfony/Component/Console/Input/ArgvInput), Object(Symfony/Component/Console/Output/ConsoleOutput))
#34 D:/HOPES/Framework_dossier_start/starter_kit_laravel/vendor/laravel/framework/src/Illuminate/Foundation/Console/Kernel.php(198): Symfony/Component/Console/Application->run(Object(Symfony/Component/Console/Input/ArgvInput), Object(Symfony/Component/Console/Output/ConsoleOutput))
#35 D:/HOPES/Framework_dossier_start/starter_kit_laravel/vendor/laravel/framework/src/Illuminate/Foundation/Application.php(1235): Illuminate/Foundation/Console/Kernel->handle(Object(Symfony/Component/Console/Input/ArgvInput), Object(Symfony/Component/Console/Output/ConsoleOutput))
#36 D:/HOPES/Framework_dossier_start/starter_kit_laravel/artisan(16): Illuminate/Foundation/Application->handleCommand(Object(Symfony/Component/Console/Input/ArgvInput))
#37 {main}
"} 
[2026-04-14 06:36:19] local.ERROR: SQLSTATE[HY000] [2002] Aucune connexion n’a pu être établie car l’ordinateur cible l’a expressément refusée (Connection: mysql, Host: 127.0.0.1, Port: 3306, Database: db, SQL: select * from `cache` where `key` in (laravel-cache-illuminate:queue:paused:database:default)) {"exception":"[object] (Illuminate\\Database\\QueryException(code: 2002): SQLSTATE[HY000] [2002] Aucune connexion n’a pu être établie car l’ordinateur cible l’a expressément refusée (Connection: mysql, Host: 127.0.0.1, Port: 3306, Database: db, SQL: select * from `cache` where `key` in (laravel-cache-illuminate:queue:paused:database:default)) at D:/HOPES/Framework_dossier_start/starter_kit_laravel/vendor/laravel/framework/src/Illuminate/Database/Connection.php:841)
[stacktrace]
#0 D:/HOPES/Framework_dossier_start/starter_kit_laravel/vendor/laravel/framework/src/Illuminate/Database/Connection.php(797): Illuminate/Database/Connection->runQueryCallback('select * from `...', Array, Object(Closure))
#1 D:/HOPES/Framework_dossier_start/starter_kit_laravel/vendor/laravel/framework/src/Illuminate/Database/Connection.php(412): Illuminate/Database/Connection->run('select * from `...', Array, Object(Closure))
#2 D:/HOPES/Framework_dossier_start/starter_kit_laravel/vendor/laravel/framework/src/Illuminate/Database/Query/Builder.php(3562): Illuminate/Database/Connection->select('select * from `...', Array, true, Array)
#3 D:/HOPES/Framework_dossier_start/starter_kit_laravel/vendor/laravel/framework/src/Illuminate/Database/Query/Builder.php(3546): Illuminate/Database/Query/Builder->runSelect()
#4 D:/HOPES/Framework_dossier_start/starter_kit_laravel/vendor/laravel/framework/src/Illuminate/Cache/DatabaseStore.php(142): Illuminate/Database/Query/Builder->get()
#5 D:/HOPES/Framework_dossier_start/starter_kit_laravel/vendor/laravel/framework/src/Illuminate/Cache/DatabaseStore.php(117): Illuminate/Cache/DatabaseStore->many(Array)
#6 D:/HOPES/Framework_dossier_start/starter_kit_laravel/vendor/laravel/framework/src/Illuminate/Cache/Repository.php(124): Illuminate/Cache/DatabaseStore->get('illuminate:queu...')
#7 D:/HOPES/Framework_dossier_start/starter_kit_laravel/vendor/laravel/framework/src/Illuminate/Queue/QueueManager.php(284): Illuminate/Cache/Repository->get('illuminate:queu...', false)
#8 D:/HOPES/Framework_dossier_start/starter_kit_laravel/vendor/laravel/framework/src/Illuminate/Queue/Worker.php(436): Illuminate/Queue/QueueManager->isPaused('database', 'default')
#9 D:/HOPES/Framework_dossier_start/starter_kit_laravel/vendor/laravel/framework/src/Illuminate/Queue/Worker.php(404): Illuminate/Queue/Worker->queuePaused('database', 'default')
#10 D:/HOPES/Framework_dossier_start/starter_kit_laravel/vendor/laravel/framework/src/Illuminate/Queue/Worker.php(365): Illuminate/Queue/Worker->getNextJob(Object(Illuminate/Queue/DatabaseQueue), 'default')
#11 D:/HOPES/Framework_dossier_start/starter_kit_laravel/vendor/laravel/framework/src/Illuminate/Queue/Console/WorkCommand.php(148): Illuminate/Queue/Worker->runNextJob('database', 'default', Object(Illuminate/Queue/WorkerOptions))
#12 D:/HOPES/Framework_dossier_start/starter_kit_laravel/vendor/laravel/framework/src/Illuminate/Queue/Console/WorkCommand.php(131): Illuminate/Queue/Console/WorkCommand->runWorker('database', 'default')
#13 D:/HOPES/Framework_dossier_start/starter_kit_laravel/vendor/laravel/framework/src/Illuminate/Container/BoundMethod.php(36): Illuminate/Queue/Console/WorkCommand->handle()
#14 D:/HOPES/Framework_dossier_start/starter_kit_laravel/vendor/laravel/framework/src/Illuminate/Container/Util.php(43): Illuminate/Container/BoundMethod::{closure:Illuminate/Container/BoundMethod::call():35}()
#15 D:/HOPES/Framework_dossier_start/starter_kit_laravel/vendor/laravel/framework/src/Illuminate/Container/BoundMethod.php(96): Illuminate/Container/Util::unwrapIfClosure(Object(Closure))
#16 D:/HOPES/Framework_dossier_start/starter_kit_laravel/vendor/laravel/framework/src/Illuminate/Container/BoundMethod.php(35): Illuminate/Container/BoundMethod::callBoundMethod(Object(Illuminate/Foundation/Application), Array, Object(Closure))
#17 D:/HOPES/Framework_dossier_start/starter_kit_laravel/vendor/laravel/framework/src/Illuminate/Container/Container.php(799): Illuminate/Container/BoundMethod::call(Object(Illuminate/Foundation/Application), Array, Array, NULL)
#18 D:/HOPES/Framework_dossier_start/starter_kit_laravel/vendor/laravel/framework/src/Illuminate/Console/Command.php(280): Illuminate/Container/Container->call(Array)
#19 D:/HOPES/Framework_dossier_start/starter_kit_laravel/vendor/symfony/console/Command/Command.php(291): Illuminate/Console/Command->execute(Object(Symfony/Component/Console/Input/ArgvInput), Object(Illuminate/Console/OutputStyle))
#20 D:/HOPES/Framework_dossier_start/starter_kit_laravel/vendor/laravel/framework/src/Illuminate/Console/Command.php(249): Symfony/Component/Console/Command/Command->run(Object(Symfony/Component/Console/Input/ArgvInput), Object(Illuminate/Console/OutputStyle))
#21 D:/HOPES/Framework_dossier_start/starter_kit_laravel/vendor/symfony/console/Application.php(1107): Illuminate/Console/Command->run(Object(Symfony/Component/Console/Input/ArgvInput), Object(Symfony/Component/Console/Output/ConsoleOutput))
#22 D:/HOPES/Framework_dossier_start/starter_kit_laravel/vendor/symfony/console/Application.php(356): Symfony/Component/Console/Application->doRunCommand(Object(Illuminate/Queue/Console/WorkCommand), Object(Symfony/Component/Console/Input/ArgvInput), Object(Symfony/Component/Console/Output/ConsoleOutput))
#23 D:/HOPES/Framework_dossier_start/starter_kit_laravel/vendor/symfony/console/Application.php(195): Symfony/Component/Console/Application->doRun(Object(Symfony/Component/Console/Input/ArgvInput), Object(Symfony/Component/Console/Output/ConsoleOutput))
#24 D:/HOPES/Framework_dossier_start/starter_kit_laravel/vendor/laravel/framework/src/Illuminate/Foundation/Console/Kernel.php(198): Symfony/Component/Console/Application->run(Object(Symfony/Component/Console/Input/ArgvInput), Object(Symfony/Component/Console/Output/ConsoleOutput))
#25 D:/HOPES/Framework_dossier_start/starter_kit_laravel/vendor/laravel/framework/src/Illuminate/Foundation/Application.php(1235): Illuminate/Foundation/Console/Kernel->handle(Object(Symfony/Component/Console/Input/ArgvInput), Object(Symfony/Component/Console/Output/ConsoleOutput))
#26 D:/HOPES/Framework_dossier_start/starter_kit_laravel/artisan(16): Illuminate/Foundation/Application->handleCommand(Object(Symfony/Component/Console/Input/ArgvInput))
#27 {main}

[previous exception] [object] (PDOException(code: 2002): SQLSTATE[HY000] [2002] Aucune connexion n’a pu être établie car l’ordinateur cible l’a expressément refusée at D:/HOPES/Framework_dossier_start/starter_kit_laravel/vendor/laravel/framework/src/Illuminate/Database/Connectors/Connector.php:67)
[stacktrace]
#0 D:/HOPES/Framework_dossier_start/starter_kit_laravel/vendor/laravel/framework/src/Illuminate/Database/Connectors/Connector.php(67): PDO::connect('mysql:host=127....', 'root', Object(SensitiveParameterValue), Array)
#1 D:/HOPES/Framework_dossier_start/starter_kit_laravel/vendor/laravel/framework/src/Illuminate/Database/Connectors/Connector.php(44): Illuminate/Database/Connectors/Connector->createPdoConnection('mysql:host=127....', 'root', Object(SensitiveParameterValue), Array)
#2 D:/HOPES/Framework_dossier_start/starter_kit_laravel/vendor/laravel/framework/src/Illuminate/Database/Connectors/MySqlConnector.php(24): Illuminate/Database/Connectors/Connector->createConnection('mysql:host=127....', Array, Array)
#3 D:/HOPES/Framework_dossier_start/starter_kit_laravel/vendor/laravel/framework/src/Illuminate/Database/Connectors/ConnectionFactory.php(186): Illuminate/Database/Connectors/MySqlConnector->connect(Array)
#4 [internal function]: Illuminate/Database/Connectors/ConnectionFactory->{closure:Illuminate/Database/Connectors/ConnectionFactory::createPdoResolverWithHosts():181}()
#5 D:/HOPES/Framework_dossier_start/starter_kit_laravel/vendor/laravel/framework/src/Illuminate/Database/Connection.php(1279): call_user_func(Object(Closure))
#6 D:/HOPES/Framework_dossier_start/starter_kit_laravel/vendor/laravel/framework/src/Illuminate/Database/Connection.php(1317): Illuminate/Database/Connection->getPdo()
#7 D:/HOPES/Framework_dossier_start/starter_kit_laravel/vendor/laravel/framework/src/Illuminate/Database/Connection.php(528): Illuminate/Database/Connection->getReadPdo()
#8 D:/HOPES/Framework_dossier_start/starter_kit_laravel/vendor/laravel/framework/src/Illuminate/Database/Connection.php(421): Illuminate/Database/Connection->getPdoForSelect(true)
#9 D:/HOPES/Framework_dossier_start/starter_kit_laravel/vendor/laravel/framework/src/Illuminate/Database/Connection.php(830): Illuminate/Database/Connection->{closure:Illuminate/Database/Connection::select():412}('select * from `...', Array)
#10 D:/HOPES/Framework_dossier_start/starter_kit_laravel/vendor/laravel/framework/src/Illuminate/Database/Connection.php(797): Illuminate/Database/Connection->runQueryCallback('select * from `...', Array, Object(Closure))
#11 D:/HOPES/Framework_dossier_start/starter_kit_laravel/vendor/laravel/framework/src/Illuminate/Database/Connection.php(412): Illuminate/Database/Connection->run('select * from `...', Array, Object(Closure))
#12 D:/HOPES/Framework_dossier_start/starter_kit_laravel/vendor/laravel/framework/src/Illuminate/Database/Query/Builder.php(3562): Illuminate/Database/Connection->select('select * from `...', Array, true, Array)
#13 D:/HOPES/Framework_dossier_start/starter_kit_laravel/vendor/laravel/framework/src/Illuminate/Database/Query/Builder.php(3546): Illuminate/Database/Query/Builder->runSelect()
#14 D:/HOPES/Framework_dossier_start/starter_kit_laravel/vendor/laravel/framework/src/Illuminate/Cache/DatabaseStore.php(142): Illuminate/Database/Query/Builder->get()
#15 D:/HOPES/Framework_dossier_start/starter_kit_laravel/vendor/laravel/framework/src/Illuminate/Cache/DatabaseStore.php(117): Illuminate/Cache/DatabaseStore->many(Array)
#16 D:/HOPES/Framework_dossier_start/starter_kit_laravel/vendor/laravel/framework/src/Illuminate/Cache/Repository.php(124): Illuminate/Cache/DatabaseStore->get('illuminate:queu...')
#17 D:/HOPES/Framework_dossier_start/starter_kit_laravel/vendor/laravel/framework/src/Illuminate/Queue/QueueManager.php(284): Illuminate/Cache/Repository->get('illuminate:queu...', false)
#18 D:/HOPES/Framework_dossier_start/starter_kit_laravel/vendor/laravel/framework/src/Illuminate/Queue/Worker.php(436): Illuminate/Queue/QueueManager->isPaused('database', 'default')
#19 D:/HOPES/Framework_dossier_start/starter_kit_laravel/vendor/laravel/framework/src/Illuminate/Queue/Worker.php(404): Illuminate/Queue/Worker->queuePaused('database', 'default')
#20 D:/HOPES/Framework_dossier_start/starter_kit_laravel/vendor/laravel/framework/src/Illuminate/Queue/Worker.php(365): Illuminate/Queue/Worker->getNextJob(Object(Illuminate/Queue/DatabaseQueue), 'default')
#21 D:/HOPES/Framework_dossier_start/starter_kit_laravel/vendor/laravel/framework/src/Illuminate/Queue/Console/WorkCommand.php(148): Illuminate/Queue/Worker->runNextJob('database', 'default', Object(Illuminate/Queue/WorkerOptions))
#22 D:/HOPES/Framework_dossier_start/starter_kit_laravel/vendor/laravel/framework/src/Illuminate/Queue/Console/WorkCommand.php(131): Illuminate/Queue/Console/WorkCommand->runWorker('database', 'default')
#23 D:/HOPES/Framework_dossier_start/starter_kit_laravel/vendor/laravel/framework/src/Illuminate/Container/BoundMethod.php(36): Illuminate/Queue/Console/WorkCommand->handle()
#24 D:/HOPES/Framework_dossier_start/starter_kit_laravel/vendor/laravel/framework/src/Illuminate/Container/Util.php(43): Illuminate/Container/BoundMethod::{closure:Illuminate/Container/BoundMethod::call():35}()
#25 D:/HOPES/Framework_dossier_start/starter_kit_laravel/vendor/laravel/framework/src/Illuminate/Container/BoundMethod.php(96): Illuminate/Container/Util::unwrapIfClosure(Object(Closure))
#26 D:/HOPES/Framework_dossier_start/starter_kit_laravel/vendor/laravel/framework/src/Illuminate/Container/BoundMethod.php(35): Illuminate/Container/BoundMethod::callBoundMethod(Object(Illuminate/Foundation/Application), Array, Object(Closure))
#27 D:/HOPES/Framework_dossier_start/starter_kit_laravel/vendor/laravel/framework/src/Illuminate/Container/Container.php(799): Illuminate/Container/BoundMethod::call(Object(Illuminate/Foundation/Application), Array, Array, NULL)
#28 D:/HOPES/Framework_dossier_start/starter_kit_laravel/vendor/laravel/framework/src/Illuminate/Console/Command.php(280): Illuminate/Container/Container->call(Array)
#29 D:/HOPES/Framework_dossier_start/starter_kit_laravel/vendor/symfony/console/Command/Command.php(291): Illuminate/Console/Command->execute(Object(Symfony/Component/Console/Input/ArgvInput), Object(Illuminate/Console/OutputStyle))
#30 D:/HOPES/Framework_dossier_start/starter_kit_laravel/vendor/laravel/framework/src/Illuminate/Console/Command.php(249): Symfony/Component/Console/Command/Command->run(Object(Symfony/Component/Console/Input/ArgvInput), Object(Illuminate/Console/OutputStyle))
#31 D:/HOPES/Framework_dossier_start/starter_kit_laravel/vendor/symfony/console/Application.php(1107): Illuminate/Console/Command->run(Object(Symfony/Component/Console/Input/ArgvInput), Object(Symfony/Component/Console/Output/ConsoleOutput))
#32 D:/HOPES/Framework_dossier_start/starter_kit_laravel/vendor/symfony/console/Application.php(356): Symfony/Component/Console/Application->doRunCommand(Object(Illuminate/Queue/Console/WorkCommand), Object(Symfony/Component/Console/Input/ArgvInput), Object(Symfony/Component/Console/Output/ConsoleOutput))
#33 D:/HOPES/Framework_dossier_start/starter_kit_laravel/vendor/symfony/console/Application.php(195): Symfony/Component/Console/Application->doRun(Object(Symfony/Component/Console/Input/ArgvInput), Object(Symfony/Component/Console/Output/ConsoleOutput))
#34 D:/HOPES/Framework_dossier_start/starter_kit_laravel/vendor/laravel/framework/src/Illuminate/Foundation/Console/Kernel.php(198): Symfony/Component/Console/Application->run(Object(Symfony/Component/Console/Input/ArgvInput), Object(Symfony/Component/Console/Output/ConsoleOutput))
#35 D:/HOPES/Framework_dossier_start/starter_kit_laravel/vendor/laravel/framework/src/Illuminate/Foundation/Application.php(1235): Illuminate/Foundation/Console/Kernel->handle(Object(Symfony/Component/Console/Input/ArgvInput), Object(Symfony/Component/Console/Output/ConsoleOutput))
#36 D:/HOPES/Framework_dossier_start/starter_kit_laravel/artisan(16): Illuminate/Foundation/Application->handleCommand(Object(Symfony/Component/Console/Input/ArgvInput))
#37 {main}
"} 
[2026-04-14 06:36:26] local.ERROR: SQLSTATE[HY000] [2002] Aucune connexion n’a pu être établie car l’ordinateur cible l’a expressément refusée (Connection: mysql, Host: 127.0.0.1, Port: 3306, Database: db, SQL: select * from `cache` where `key` in (laravel-cache-illuminate:queue:paused:database:default)) {"exception":"[object] (Illuminate\\Database\\QueryException(code: 2002): SQLSTATE[HY000] [2002] Aucune connexion n’a pu être établie car l’ordinateur cible l’a expressément refusée (Connection: mysql, Host: 127.0.0.1, Port: 3306, Database: db, SQL: select * from `cache` where `key` in (laravel-cache-illuminate:queue:paused:database:default)) at D:/HOPES/Framework_dossier_start/starter_kit_laravel/vendor/laravel/framework/src/Illuminate/Database/Connection.php:841)
[stacktrace]
#0 D:/HOPES/Framework_dossier_start/starter_kit_laravel/vendor/laravel/framework/src/Illuminate/Database/Connection.php(797): Illuminate/Database/Connection->runQueryCallback('select * from `...', Array, Object(Closure))
#1 D:/HOPES/Framework_dossier_start/starter_kit_laravel/vendor/laravel/framework/src/Illuminate/Database/Connection.php(412): Illuminate/Database/Connection->run('select * from `...', Array, Object(Closure))
#2 D:/HOPES/Framework_dossier_start/starter_kit_laravel/vendor/laravel/framework/src/Illuminate/Database/Query/Builder.php(3562): Illuminate/Database/Connection->select('select * from `...', Array, true, Array)
#3 D:/HOPES/Framework_dossier_start/starter_kit_laravel/vendor/laravel/framework/src/Illuminate/Database/Query/Builder.php(3546): Illuminate/Database/Query/Builder->runSelect()
#4 D:/HOPES/Framework_dossier_start/starter_kit_laravel/vendor/laravel/framework/src/Illuminate/Cache/DatabaseStore.php(142): Illuminate/Database/Query/Builder->get()
#5 D:/HOPES/Framework_dossier_start/starter_kit_laravel/vendor/laravel/framework/src/Illuminate/Cache/DatabaseStore.php(117): Illuminate/Cache/DatabaseStore->many(Array)
#6 D:/HOPES/Framework_dossier_start/starter_kit_laravel/vendor/laravel/framework/src/Illuminate/Cache/Repository.php(124): Illuminate/Cache/DatabaseStore->get('illuminate:queu...')
#7 D:/HOPES/Framework_dossier_start/starter_kit_laravel/vendor/laravel/framework/src/Illuminate/Queue/QueueManager.php(284): Illuminate/Cache/Repository->get('illuminate:queu...', false)
#8 D:/HOPES/Framework_dossier_start/starter_kit_laravel/vendor/laravel/framework/src/Illuminate/Queue/Worker.php(436): Illuminate/Queue/QueueManager->isPaused('database', 'default')
#9 D:/HOPES/Framework_dossier_start/starter_kit_laravel/vendor/laravel/framework/src/Illuminate/Queue/Worker.php(404): Illuminate/Queue/Worker->queuePaused('database', 'default')
#10 D:/HOPES/Framework_dossier_start/starter_kit_laravel/vendor/laravel/framework/src/Illuminate/Queue/Worker.php(365): Illuminate/Queue/Worker->getNextJob(Object(Illuminate/Queue/DatabaseQueue), 'default')
#11 D:/HOPES/Framework_dossier_start/starter_kit_laravel/vendor/laravel/framework/src/Illuminate/Queue/Console/WorkCommand.php(148): Illuminate/Queue/Worker->runNextJob('database', 'default', Object(Illuminate/Queue/WorkerOptions))
#12 D:/HOPES/Framework_dossier_start/starter_kit_laravel/vendor/laravel/framework/src/Illuminate/Queue/Console/WorkCommand.php(131): Illuminate/Queue/Console/WorkCommand->runWorker('database', 'default')
#13 D:/HOPES/Framework_dossier_start/starter_kit_laravel/vendor/laravel/framework/src/Illuminate/Container/BoundMethod.php(36): Illuminate/Queue/Console/WorkCommand->handle()
#14 D:/HOPES/Framework_dossier_start/starter_kit_laravel/vendor/laravel/framework/src/Illuminate/Container/Util.php(43): Illuminate/Container/BoundMethod::{closure:Illuminate/Container/BoundMethod::call():35}()
#15 D:/HOPES/Framework_dossier_start/starter_kit_laravel/vendor/laravel/framework/src/Illuminate/Container/BoundMethod.php(96): Illuminate/Container/Util::unwrapIfClosure(Object(Closure))
#16 D:/HOPES/Framework_dossier_start/starter_kit_laravel/vendor/laravel/framework/src/Illuminate/Container/BoundMethod.php(35): Illuminate/Container/BoundMethod::callBoundMethod(Object(Illuminate/Foundation/Application), Array, Object(Closure))
#17 D:/HOPES/Framework_dossier_start/starter_kit_laravel/vendor/laravel/framework/src/Illuminate/Container/Container.php(799): Illuminate/Container/BoundMethod::call(Object(Illuminate/Foundation/Application), Array, Array, NULL)
#18 D:/HOPES/Framework_dossier_start/starter_kit_laravel/vendor/laravel/framework/src/Illuminate/Console/Command.php(280): Illuminate/Container/Container->call(Array)
#19 D:/HOPES/Framework_dossier_start/starter_kit_laravel/vendor/symfony/console/Command/Command.php(291): Illuminate/Console/Command->execute(Object(Symfony/Component/Console/Input/ArgvInput), Object(Illuminate/Console/OutputStyle))
#20 D:/HOPES/Framework_dossier_start/starter_kit_laravel/vendor/laravel/framework/src/Illuminate/Console/Command.php(249): Symfony/Component/Console/Command/Command->run(Object(Symfony/Component/Console/Input/ArgvInput), Object(Illuminate/Console/OutputStyle))
#21 D:/HOPES/Framework_dossier_start/starter_kit_laravel/vendor/symfony/console/Application.php(1107): Illuminate/Console/Command->run(Object(Symfony/Component/Console/Input/ArgvInput), Object(Symfony/Component/Console/Output/ConsoleOutput))
#22 D:/HOPES/Framework_dossier_start/starter_kit_laravel/vendor/symfony/console/Application.php(356): Symfony/Component/Console/Application->doRunCommand(Object(Illuminate/Queue/Console/WorkCommand), Object(Symfony/Component/Console/Input/ArgvInput), Object(Symfony/Component/Console/Output/ConsoleOutput))
#23 D:/HOPES/Framework_dossier_start/starter_kit_laravel/vendor/symfony/console/Application.php(195): Symfony/Component/Console/Application->doRun(Object(Symfony/Component/Console/Input/ArgvInput), Object(Symfony/Component/Console/Output/ConsoleOutput))
#24 D:/HOPES/Framework_dossier_start/starter_kit_laravel/vendor/laravel/framework/src/Illuminate/Foundation/Console/Kernel.php(198): Symfony/Component/Console/Application->run(Object(Symfony/Component/Console/Input/ArgvInput), Object(Symfony/Component/Console/Output/ConsoleOutput))
#25 D:/HOPES/Framework_dossier_start/starter_kit_laravel/vendor/laravel/framework/src/Illuminate/Foundation/Application.php(1235): Illuminate/Foundation/Console/Kernel->handle(Object(Symfony/Component/Console/Input/ArgvInput), Object(Symfony/Component/Console/Output/ConsoleOutput))
#26 D:/HOPES/Framework_dossier_start/starter_kit_laravel/artisan(16): Illuminate/Foundation/Application->handleCommand(Object(Symfony/Component/Console/Input/ArgvInput))
#27 {main}

[previous exception] [object] (PDOException(code: 2002): SQLSTATE[HY000] [2002] Aucune connexion n’a pu être établie car l’ordinateur cible l’a expressément refusée at D:/HOPES/Framework_dossier_start/starter_kit_laravel/vendor/laravel/framework/src/Illuminate/Database/Connectors/Connector.php:67)
[stacktrace]
#0 D:/HOPES/Framework_dossier_start/starter_kit_laravel/vendor/laravel/framework/src/Illuminate/Database/Connectors/Connector.php(67): PDO::connect('mysql:host=127....', 'root', Object(SensitiveParameterValue), Array)
#1 D:/HOPES/Framework_dossier_start/starter_kit_laravel/vendor/laravel/framework/src/Illuminate/Database/Connectors/Connector.php(44): Illuminate/Database/Connectors/Connector->createPdoConnection('mysql:host=127....', 'root', Object(SensitiveParameterValue), Array)
#2 D:/HOPES/Framework_dossier_start/starter_kit_laravel/vendor/laravel/framework/src/Illuminate/Database/Connectors/MySqlConnector.php(24): Illuminate/Database/Connectors/Connector->createConnection('mysql:host=127....', Array, Array)
#3 D:/HOPES/Framework_dossier_start/starter_kit_laravel/vendor/laravel/framework/src/Illuminate/Database/Connectors/ConnectionFactory.php(186): Illuminate/Database/Connectors/MySqlConnector->connect(Array)
#4 [internal function]: Illuminate/Database/Connectors/ConnectionFactory->{closure:Illuminate/Database/Connectors/ConnectionFactory::createPdoResolverWithHosts():181}()
#5 D:/HOPES/Framework_dossier_start/starter_kit_laravel/vendor/laravel/framework/src/Illuminate/Database/Connection.php(1279): call_user_func(Object(Closure))
#6 D:/HOPES/Framework_dossier_start/starter_kit_laravel/vendor/laravel/framework/src/Illuminate/Database/Connection.php(1317): Illuminate/Database/Connection->getPdo()
#7 D:/HOPES/Framework_dossier_start/starter_kit_laravel/vendor/laravel/framework/src/Illuminate/Database/Connection.php(528): Illuminate/Database/Connection->getReadPdo()
#8 D:/HOPES/Framework_dossier_start/starter_kit_laravel/vendor/laravel/framework/src/Illuminate/Database/Connection.php(421): Illuminate/Database/Connection->getPdoForSelect(true)
#9 D:/HOPES/Framework_dossier_start/starter_kit_laravel/vendor/laravel/framework/src/Illuminate/Database/Connection.php(830): Illuminate/Database/Connection->{closure:Illuminate/Database/Connection::select():412}('select * from `...', Array)
#10 D:/HOPES/Framework_dossier_start/starter_kit_laravel/vendor/laravel/framework/src/Illuminate/Database/Connection.php(797): Illuminate/Database/Connection->runQueryCallback('select * from `...', Array, Object(Closure))
#11 D:/HOPES/Framework_dossier_start/starter_kit_laravel/vendor/laravel/framework/src/Illuminate/Database/Connection.php(412): Illuminate/Database/Connection->run('select * from `...', Array, Object(Closure))
#12 D:/HOPES/Framework_dossier_start/starter_kit_laravel/vendor/laravel/framework/src/Illuminate/Database/Query/Builder.php(3562): Illuminate/Database/Connection->select('select * from `...', Array, true, Array)
#13 D:/HOPES/Framework_dossier_start/starter_kit_laravel/vendor/laravel/framework/src/Illuminate/Database/Query/Builder.php(3546): Illuminate/Database/Query/Builder->runSelect()
#14 D:/HOPES/Framework_dossier_start/starter_kit_laravel/vendor/laravel/framework/src/Illuminate/Cache/DatabaseStore.php(142): Illuminate/Database/Query/Builder->get()
#15 D:/HOPES/Framework_dossier_start/starter_kit_laravel/vendor/laravel/framework/src/Illuminate/Cache/DatabaseStore.php(117): Illuminate/Cache/DatabaseStore->many(Array)
#16 D:/HOPES/Framework_dossier_start/starter_kit_laravel/vendor/laravel/framework/src/Illuminate/Cache/Repository.php(124): Illuminate/Cache/DatabaseStore->get('illuminate:queu...')
#17 D:/HOPES/Framework_dossier_start/starter_kit_laravel/vendor/laravel/framework/src/Illuminate/Queue/QueueManager.php(284): Illuminate/Cache/Repository->get('illuminate:queu...', false)
#18 D:/HOPES/Framework_dossier_start/starter_kit_laravel/vendor/laravel/framework/src/Illuminate/Queue/Worker.php(436): Illuminate/Queue/QueueManager->isPaused('database', 'default')
#19 D:/HOPES/Framework_dossier_start/starter_kit_laravel/vendor/laravel/framework/src/Illuminate/Queue/Worker.php(404): Illuminate/Queue/Worker->queuePaused('database', 'default')
#20 D:/HOPES/Framework_dossier_start/starter_kit_laravel/vendor/laravel/framework/src/Illuminate/Queue/Worker.php(365): Illuminate/Queue/Worker->getNextJob(Object(Illuminate/Queue/DatabaseQueue), 'default')
#21 D:/HOPES/Framework_dossier_start/starter_kit_laravel/vendor/laravel/framework/src/Illuminate/Queue/Console/WorkCommand.php(148): Illuminate/Queue/Worker->runNextJob('database', 'default', Object(Illuminate/Queue/WorkerOptions))
#22 D:/HOPES/Framework_dossier_start/starter_kit_laravel/vendor/laravel/framework/src/Illuminate/Queue/Console/WorkCommand.php(131): Illuminate/Queue/Console/WorkCommand->runWorker('database', 'default')
#23 D:/HOPES/Framework_dossier_start/starter_kit_laravel/vendor/laravel/framework/src/Illuminate/Container/BoundMethod.php(36): Illuminate/Queue/Console/WorkCommand->handle()
#24 D:/HOPES/Framework_dossier_start/starter_kit_laravel/vendor/laravel/framework/src/Illuminate/Container/Util.php(43): Illuminate/Container/BoundMethod::{closure:Illuminate/Container/BoundMethod::call():35}()
#25 D:/HOPES/Framework_dossier_start/starter_kit_laravel/vendor/laravel/framework/src/Illuminate/Container/BoundMethod.php(96): Illuminate/Container/Util::unwrapIfClosure(Object(Closure))
#26 D:/HOPES/Framework_dossier_start/starter_kit_laravel/vendor/laravel/framework/src/Illuminate/Container/BoundMethod.php(35): Illuminate/Container/BoundMethod::callBoundMethod(Object(Illuminate/Foundation/Application), Array, Object(Closure))
#27 D:/HOPES/Framework_dossier_start/starter_kit_laravel/vendor/laravel/framework/src/Illuminate/Container/Container.php(799): Illuminate/Container/BoundMethod::call(Object(Illuminate/Foundation/Application), Array, Array, NULL)
#28 D:/HOPES/Framework_dossier_start/starter_kit_laravel/vendor/laravel/framework/src/Illuminate/Console/Command.php(280): Illuminate/Container/Container->call(Array)
#29 D:/HOPES/Framework_dossier_start/starter_kit_laravel/vendor/symfony/console/Command/Command.php(291): Illuminate/Console/Command->execute(Object(Symfony/Component/Console/Input/ArgvInput), Object(Illuminate/Console/OutputStyle))
#30 D:/HOPES/Framework_dossier_start/starter_kit_laravel/vendor/laravel/framework/src/Illuminate/Console/Command.php(249): Symfony/Component/Console/Command/Command->run(Object(Symfony/Component/Console/Input/ArgvInput), Object(Illuminate/Console/OutputStyle))
#31 D:/HOPES/Framework_dossier_start/starter_kit_laravel/vendor/symfony/console/Application.php(1107): Illuminate/Console/Command->run(Object(Symfony/Component/Console/Input/ArgvInput), Object(Symfony/Component/Console/Output/ConsoleOutput))
#32 D:/HOPES/Framework_dossier_start/starter_kit_laravel/vendor/symfony/console/Application.php(356): Symfony/Component/Console/Application->doRunCommand(Object(Illuminate/Queue/Console/WorkCommand), Object(Symfony/Component/Console/Input/ArgvInput), Object(Symfony/Component/Console/Output/ConsoleOutput))
#33 D:/HOPES/Framework_dossier_start/starter_kit_laravel/vendor/symfony/console/Application.php(195): Symfony/Component/Console/Application->doRun(Object(Symfony/Component/Console/Input/ArgvInput), Object(Symfony/Component/Console/Output/ConsoleOutput))
#34 D:/HOPES/Framework_dossier_start/starter_kit_laravel/vendor/laravel/framework/src/Illuminate/Foundation/Console/Kernel.php(198): Symfony/Component/Console/Application->run(Object(Symfony/Component/Console/Input/ArgvInput), Object(Symfony/Component/Console/Output/ConsoleOutput))
#35 D:/HOPES/Framework_dossier_start/starter_kit_laravel/vendor/laravel/framework/src/Illuminate/Foundation/Application.php(1235): Illuminate/Foundation/Console/Kernel->handle(Object(Symfony/Component/Console/Input/ArgvInput), Object(Symfony/Component/Console/Output/ConsoleOutput))
#36 D:/HOPES/Framework_dossier_start/starter_kit_laravel/artisan(16): Illuminate/Foundation/Application->handleCommand(Object(Symfony/Component/Console/Input/ArgvInput))
#37 {main}
"} 
[2026-04-14 06:36:32] local.ERROR: SQLSTATE[HY000] [2002] Aucune connexion n’a pu être établie car l’ordinateur cible l’a expressément refusée (Connection: mysql, Host: 127.0.0.1, Port: 3306, Database: db, SQL: select * from `cache` where `key` in (laravel-cache-illuminate:queue:paused:database:default)) {"exception":"[object] (Illuminate\\Database\\QueryException(code: 2002): SQLSTATE[HY000] [2002] Aucune connexion n’a pu être établie car l’ordinateur cible l’a expressément refusée (Connection: mysql, Host: 127.0.0.1, Port: 3306, Database: db, SQL: select * from `cache` where `key` in (laravel-cache-illuminate:queue:paused:database:default)) at D:/HOPES/Framework_dossier_start/starter_kit_laravel/vendor/laravel/framework/src/Illuminate/Database/Connection.php:841)
[stacktrace]
#0 D:/HOPES/Framework_dossier_start/starter_kit_laravel/vendor/laravel/framework/src/Illuminate/Database/Connection.php(797): Illuminate/Database/Connection->runQueryCallback('select * from `...', Array, Object(Closure))
#1 D:/HOPES/Framework_dossier_start/starter_kit_laravel/vendor/laravel/framework/src/Illuminate/Database/Connection.php(412): Illuminate/Database/Connection->run('select * from `...', Array, Object(Closure))
#2 D:/HOPES/Framework_dossier_start/starter_kit_laravel/vendor/laravel/framework/src/Illuminate/Database/Query/Builder.php(3562): Illuminate/Database/Connection->select('select * from `...', Array, true, Array)
#3 D:/HOPES/Framework_dossier_start/starter_kit_laravel/vendor/laravel/framework/src/Illuminate/Database/Query/Builder.php(3546): Illuminate/Database/Query/Builder->runSelect()
#4 D:/HOPES/Framework_dossier_start/starter_kit_laravel/vendor/laravel/framework/src/Illuminate/Cache/DatabaseStore.php(142): Illuminate/Database/Query/Builder->get()
#5 D:/HOPES/Framework_dossier_start/starter_kit_laravel/vendor/laravel/framework/src/Illuminate/Cache/DatabaseStore.php(117): Illuminate/Cache/DatabaseStore->many(Array)
#6 D:/HOPES/Framework_dossier_start/starter_kit_laravel/vendor/laravel/framework/src/Illuminate/Cache/Repository.php(124): Illuminate/Cache/DatabaseStore->get('illuminate:queu...')
#7 D:/HOPES/Framework_dossier_start/starter_kit_laravel/vendor/laravel/framework/src/Illuminate/Queue/QueueManager.php(284): Illuminate/Cache/Repository->get('illuminate:queu...', false)
#8 D:/HOPES/Framework_dossier_start/starter_kit_laravel/vendor/laravel/framework/src/Illuminate/Queue/Worker.php(436): Illuminate/Queue/QueueManager->isPaused('database', 'default')
#9 D:/HOPES/Framework_dossier_start/starter_kit_laravel/vendor/laravel/framework/src/Illuminate/Queue/Worker.php(404): Illuminate/Queue/Worker->queuePaused('database', 'default')
#10 D:/HOPES/Framework_dossier_start/starter_kit_laravel/vendor/laravel/framework/src/Illuminate/Queue/Worker.php(365): Illuminate/Queue/Worker->getNextJob(Object(Illuminate/Queue/DatabaseQueue), 'default')
#11 D:/HOPES/Framework_dossier_start/starter_kit_laravel/vendor/laravel/framework/src/Illuminate/Queue/Console/WorkCommand.php(148): Illuminate/Queue/Worker->runNextJob('database', 'default', Object(Illuminate/Queue/WorkerOptions))
#12 D:/HOPES/Framework_dossier_start/starter_kit_laravel/vendor/laravel/framework/src/Illuminate/Queue/Console/WorkCommand.php(131): Illuminate/Queue/Console/WorkCommand->runWorker('database', 'default')
#13 D:/HOPES/Framework_dossier_start/starter_kit_laravel/vendor/laravel/framework/src/Illuminate/Container/BoundMethod.php(36): Illuminate/Queue/Console/WorkCommand->handle()
#14 D:/HOPES/Framework_dossier_start/starter_kit_laravel/vendor/laravel/framework/src/Illuminate/Container/Util.php(43): Illuminate/Container/BoundMethod::{closure:Illuminate/Container/BoundMethod::call():35}()
#15 D:/HOPES/Framework_dossier_start/starter_kit_laravel/vendor/laravel/framework/src/Illuminate/Container/BoundMethod.php(96): Illuminate/Container/Util::unwrapIfClosure(Object(Closure))
#16 D:/HOPES/Framework_dossier_start/starter_kit_laravel/vendor/laravel/framework/src/Illuminate/Container/BoundMethod.php(35): Illuminate/Container/BoundMethod::callBoundMethod(Object(Illuminate/Foundation/Application), Array, Object(Closure))
#17 D:/HOPES/Framework_dossier_start/starter_kit_laravel/vendor/laravel/framework/src/Illuminate/Container/Container.php(799): Illuminate/Container/BoundMethod::call(Object(Illuminate/Foundation/Application), Array, Array, NULL)
#18 D:/HOPES/Framework_dossier_start/starter_kit_laravel/vendor/laravel/framework/src/Illuminate/Console/Command.php(280): Illuminate/Container/Container->call(Array)
#19 D:/HOPES/Framework_dossier_start/starter_kit_laravel/vendor/symfony/console/Command/Command.php(291): Illuminate/Console/Command->execute(Object(Symfony/Component/Console/Input/ArgvInput), Object(Illuminate/Console/OutputStyle))
#20 D:/HOPES/Framework_dossier_start/starter_kit_laravel/vendor/laravel/framework/src/Illuminate/Console/Command.php(249): Symfony/Component/Console/Command/Command->run(Object(Symfony/Component/Console/Input/ArgvInput), Object(Illuminate/Console/OutputStyle))
#21 D:/HOPES/Framework_dossier_start/starter_kit_laravel/vendor/symfony/console/Application.php(1107): Illuminate/Console/Command->run(Object(Symfony/Component/Console/Input/ArgvInput), Object(Symfony/Component/Console/Output/ConsoleOutput))
#22 D:/HOPES/Framework_dossier_start/starter_kit_laravel/vendor/symfony/console/Application.php(356): Symfony/Component/Console/Application->doRunCommand(Object(Illuminate/Queue/Console/WorkCommand), Object(Symfony/Component/Console/Input/ArgvInput), Object(Symfony/Component/Console/Output/ConsoleOutput))
#23 D:/HOPES/Framework_dossier_start/starter_kit_laravel/vendor/symfony/console/Application.php(195): Symfony/Component/Console/Application->doRun(Object(Symfony/Component/Console/Input/ArgvInput), Object(Symfony/Component/Console/Output/ConsoleOutput))
#24 D:/HOPES/Framework_dossier_start/starter_kit_laravel/vendor/laravel/framework/src/Illuminate/Foundation/Console/Kernel.php(198): Symfony/Component/Console/Application->run(Object(Symfony/Component/Console/Input/ArgvInput), Object(Symfony/Component/Console/Output/ConsoleOutput))
#25 D:/HOPES/Framework_dossier_start/starter_kit_laravel/vendor/laravel/framework/src/Illuminate/Foundation/Application.php(1235): Illuminate/Foundation/Console/Kernel->handle(Object(Symfony/Component/Console/Input/ArgvInput), Object(Symfony/Component/Console/Output/ConsoleOutput))
#26 D:/HOPES/Framework_dossier_start/starter_kit_laravel/artisan(16): Illuminate/Foundation/Application->handleCommand(Object(Symfony/Component/Console/Input/ArgvInput))
#27 {main}

[previous exception] [object] (PDOException(code: 2002): SQLSTATE[HY000] [2002] Aucune connexion n’a pu être établie car l’ordinateur cible l’a expressément refusée at D:/HOPES/Framework_dossier_start/starter_kit_laravel/vendor/laravel/framework/src/Illuminate/Database/Connectors/Connector.php:67)
[stacktrace]
#0 D:/HOPES/Framework_dossier_start/starter_kit_laravel/vendor/laravel/framework/src/Illuminate/Database/Connectors/Connector.php(67): PDO::connect('mysql:host=127....', 'root', Object(SensitiveParameterValue), Array)
#1 D:/HOPES/Framework_dossier_start/starter_kit_laravel/vendor/laravel/framework/src/Illuminate/Database/Connectors/Connector.php(44): Illuminate/Database/Connectors/Connector->createPdoConnection('mysql:host=127....', 'root', Object(SensitiveParameterValue), Array)
#2 D:/HOPES/Framework_dossier_start/starter_kit_laravel/vendor/laravel/framework/src/Illuminate/Database/Connectors/MySqlConnector.php(24): Illuminate/Database/Connectors/Connector->createConnection('mysql:host=127....', Array, Array)
#3 D:/HOPES/Framework_dossier_start/starter_kit_laravel/vendor/laravel/framework/src/Illuminate/Database/Connectors/ConnectionFactory.php(186): Illuminate/Database/Connectors/MySqlConnector->connect(Array)
#4 [internal function]: Illuminate/Database/Connectors/ConnectionFactory->{closure:Illuminate/Database/Connectors/ConnectionFactory::createPdoResolverWithHosts():181}()
#5 D:/HOPES/Framework_dossier_start/starter_kit_laravel/vendor/laravel/framework/src/Illuminate/Database/Connection.php(1279): call_user_func(Object(Closure))
#6 D:/HOPES/Framework_dossier_start/starter_kit_laravel/vendor/laravel/framework/src/Illuminate/Database/Connection.php(1317): Illuminate/Database/Connection->getPdo()
#7 D:/HOPES/Framework_dossier_start/starter_kit_laravel/vendor/laravel/framework/src/Illuminate/Database/Connection.php(528): Illuminate/Database/Connection->getReadPdo()
#8 D:/HOPES/Framework_dossier_start/starter_kit_laravel/vendor/laravel/framework/src/Illuminate/Database/Connection.php(421): Illuminate/Database/Connection->getPdoForSelect(true)
#9 D:/HOPES/Framework_dossier_start/starter_kit_laravel/vendor/laravel/framework/src/Illuminate/Database/Connection.php(830): Illuminate/Database/Connection->{closure:Illuminate/Database/Connection::select():412}('select * from `...', Array)
#10 D:/HOPES/Framework_dossier_start/starter_kit_laravel/vendor/laravel/framework/src/Illuminate/Database/Connection.php(797): Illuminate/Database/Connection->runQueryCallback('select * from `...', Array, Object(Closure))
#11 D:/HOPES/Framework_dossier_start/starter_kit_laravel/vendor/laravel/framework/src/Illuminate/Database/Connection.php(412): Illuminate/Database/Connection->run('select * from `...', Array, Object(Closure))
#12 D:/HOPES/Framework_dossier_start/starter_kit_laravel/vendor/laravel/framework/src/Illuminate/Database/Query/Builder.php(3562): Illuminate/Database/Connection->select('select * from `...', Array, true, Array)
#13 D:/HOPES/Framework_dossier_start/starter_kit_laravel/vendor/laravel/framework/src/Illuminate/Database/Query/Builder.php(3546): Illuminate/Database/Query/Builder->runSelect()
#14 D:/HOPES/Framework_dossier_start/starter_kit_laravel/vendor/laravel/framework/src/Illuminate/Cache/DatabaseStore.php(142): Illuminate/Database/Query/Builder->get()
#15 D:/HOPES/Framework_dossier_start/starter_kit_laravel/vendor/laravel/framework/src/Illuminate/Cache/DatabaseStore.php(117): Illuminate/Cache/DatabaseStore->many(Array)
#16 D:/HOPES/Framework_dossier_start/starter_kit_laravel/vendor/laravel/framework/src/Illuminate/Cache/Repository.php(124): Illuminate/Cache/DatabaseStore->get('illuminate:queu...')
#17 D:/HOPES/Framework_dossier_start/starter_kit_laravel/vendor/laravel/framework/src/Illuminate/Queue/QueueManager.php(284): Illuminate/Cache/Repository->get('illuminate:queu...', false)
#18 D:/HOPES/Framework_dossier_start/starter_kit_laravel/vendor/laravel/framework/src/Illuminate/Queue/Worker.php(436): Illuminate/Queue/QueueManager->isPaused('database', 'default')
#19 D:/HOPES/Framework_dossier_start/starter_kit_laravel/vendor/laravel/framework/src/Illuminate/Queue/Worker.php(404): Illuminate/Queue/Worker->queuePaused('database', 'default')
#20 D:/HOPES/Framework_dossier_start/starter_kit_laravel/vendor/laravel/framework/src/Illuminate/Queue/Worker.php(365): Illuminate/Queue/Worker->getNextJob(Object(Illuminate/Queue/DatabaseQueue), 'default')
#21 D:/HOPES/Framework_dossier_start/starter_kit_laravel/vendor/laravel/framework/src/Illuminate/Queue/Console/WorkCommand.php(148): Illuminate/Queue/Worker->runNextJob('database', 'default', Object(Illuminate/Queue/WorkerOptions))
#22 D:/HOPES/Framework_dossier_start/starter_kit_laravel/vendor/laravel/framework/src/Illuminate/Queue/Console/WorkCommand.php(131): Illuminate/Queue/Console/WorkCommand->runWorker('database', 'default')
#23 D:/HOPES/Framework_dossier_start/starter_kit_laravel/vendor/laravel/framework/src/Illuminate/Container/BoundMethod.php(36): Illuminate/Queue/Console/WorkCommand->handle()
#24 D:/HOPES/Framework_dossier_start/starter_kit_laravel/vendor/laravel/framework/src/Illuminate/Container/Util.php(43): Illuminate/Container/BoundMethod::{closure:Illuminate/Container/BoundMethod::call():35}()
#25 D:/HOPES/Framework_dossier_start/starter_kit_laravel/vendor/laravel/framework/src/Illuminate/Container/BoundMethod.php(96): Illuminate/Container/Util::unwrapIfClosure(Object(Closure))
#26 D:/HOPES/Framework_dossier_start/starter_kit_laravel/vendor/laravel/framework/src/Illuminate/Container/BoundMethod.php(35): Illuminate/Container/BoundMethod::callBoundMethod(Object(Illuminate/Foundation/Application), Array, Object(Closure))
#27 D:/HOPES/Framework_dossier_start/starter_kit_laravel/vendor/laravel/framework/src/Illuminate/Container/Container.php(799): Illuminate/Container/BoundMethod::call(Object(Illuminate/Foundation/Application), Array, Array, NULL)
#28 D:/HOPES/Framework_dossier_start/starter_kit_laravel/vendor/laravel/framework/src/Illuminate/Console/Command.php(280): Illuminate/Container/Container->call(Array)
#29 D:/HOPES/Framework_dossier_start/starter_kit_laravel/vendor/symfony/console/Command/Command.php(291): Illuminate/Console/Command->execute(Object(Symfony/Component/Console/Input/ArgvInput), Object(Illuminate/Console/OutputStyle))
#30 D:/HOPES/Framework_dossier_start/starter_kit_laravel/vendor/laravel/framework/src/Illuminate/Console/Command.php(249): Symfony/Component/Console/Command/Command->run(Object(Symfony/Component/Console/Input/ArgvInput), Object(Illuminate/Console/OutputStyle))
#31 D:/HOPES/Framework_dossier_start/starter_kit_laravel/vendor/symfony/console/Application.php(1107): Illuminate/Console/Command->run(Object(Symfony/Component/Console/Input/ArgvInput), Object(Symfony/Component/Console/Output/ConsoleOutput))
#32 D:/HOPES/Framework_dossier_start/starter_kit_laravel/vendor/symfony/console/Application.php(356): Symfony/Component/Console/Application->doRunCommand(Object(Illuminate/Queue/Console/WorkCommand), Object(Symfony/Component/Console/Input/ArgvInput), Object(Symfony/Component/Console/Output/ConsoleOutput))
#33 D:/HOPES/Framework_dossier_start/starter_kit_laravel/vendor/symfony/console/Application.php(195): Symfony/Component/Console/Application->doRun(Object(Symfony/Component/Console/Input/ArgvInput), Object(Symfony/Component/Console/Output/ConsoleOutput))
#34 D:/HOPES/Framework_dossier_start/starter_kit_laravel/vendor/laravel/framework/src/Illuminate/Foundation/Console/Kernel.php(198): Symfony/Component/Console/Application->run(Object(Symfony/Component/Console/Input/ArgvInput), Object(Symfony/Component/Console/Output/ConsoleOutput))
#35 D:/HOPES/Framework_dossier_start/starter_kit_laravel/vendor/laravel/framework/src/Illuminate/Foundation/Application.php(1235): Illuminate/Foundation/Console/Kernel->handle(Object(Symfony/Component/Console/Input/ArgvInput), Object(Symfony/Component/Console/Output/ConsoleOutput))
#36 D:/HOPES/Framework_dossier_start/starter_kit_laravel/artisan(16): Illuminate/Foundation/Application->handleCommand(Object(Symfony/Component/Console/Input/ArgvInput))
#37 {main}
"} 
[2026-04-14 06:36:39] local.ERROR: SQLSTATE[HY000] [2002] Aucune connexion n’a pu être établie car l’ordinateur cible l’a expressément refusée (Connection: mysql, Host: 127.0.0.1, Port: 3306, Database: db, SQL: select * from `cache` where `key` in (laravel-cache-illuminate:queue:paused:database:default)) {"exception":"[object] (Illuminate\\Database\\QueryException(code: 2002): SQLSTATE[HY000] [2002] Aucune connexion n’a pu être établie car l’ordinateur cible l’a expressément refusée (Connection: mysql, Host: 127.0.0.1, Port: 3306, Database: db, SQL: select * from `cache` where `key` in (laravel-cache-illuminate:queue:paused:database:default)) at D:/HOPES/Framework_dossier_start/starter_kit_laravel/vendor/laravel/framework/src/Illuminate/Database/Connection.php:841)
[stacktrace]
#0 D:/HOPES/Framework_dossier_start/starter_kit_laravel/vendor/laravel/framework/src/Illuminate/Database/Connection.php(797): Illuminate/Database/Connection->runQueryCallback('select * from `...', Array, Object(Closure))
#1 D:/HOPES/Framework_dossier_start/starter_kit_laravel/vendor/laravel/framework/src/Illuminate/Database/Connection.php(412): Illuminate/Database/Connection->run('select * from `...', Array, Object(Closure))
#2 D:/HOPES/Framework_dossier_start/starter_kit_laravel/vendor/laravel/framework/src/Illuminate/Database/Query/Builder.php(3562): Illuminate/Database/Connection->select('select * from `...', Array, true, Array)
#3 D:/HOPES/Framework_dossier_start/starter_kit_laravel/vendor/laravel/framework/src/Illuminate/Database/Query/Builder.php(3546): Illuminate/Database/Query/Builder->runSelect()
#4 D:/HOPES/Framework_dossier_start/starter_kit_laravel/vendor/laravel/framework/src/Illuminate/Cache/DatabaseStore.php(142): Illuminate/Database/Query/Builder->get()
#5 D:/HOPES/Framework_dossier_start/starter_kit_laravel/vendor/laravel/framework/src/Illuminate/Cache/DatabaseStore.php(117): Illuminate/Cache/DatabaseStore->many(Array)
#6 D:/HOPES/Framework_dossier_start/starter_kit_laravel/vendor/laravel/framework/src/Illuminate/Cache/Repository.php(124): Illuminate/Cache/DatabaseStore->get('illuminate:queu...')
#7 D:/HOPES/Framework_dossier_start/starter_kit_laravel/vendor/laravel/framework/src/Illuminate/Queue/QueueManager.php(284): Illuminate/Cache/Repository->get('illuminate:queu...', false)
#8 D:/HOPES/Framework_dossier_start/starter_kit_laravel/vendor/laravel/framework/src/Illuminate/Queue/Worker.php(436): Illuminate/Queue/QueueManager->isPaused('database', 'default')
#9 D:/HOPES/Framework_dossier_start/starter_kit_laravel/vendor/laravel/framework/src/Illuminate/Queue/Worker.php(404): Illuminate/Queue/Worker->queuePaused('database', 'default')
#10 D:/HOPES/Framework_dossier_start/starter_kit_laravel/vendor/laravel/framework/src/Illuminate/Queue/Worker.php(365): Illuminate/Queue/Worker->getNextJob(Object(Illuminate/Queue/DatabaseQueue), 'default')
#11 D:/HOPES/Framework_dossier_start/starter_kit_laravel/vendor/laravel/framework/src/Illuminate/Queue/Console/WorkCommand.php(148): Illuminate/Queue/Worker->runNextJob('database', 'default', Object(Illuminate/Queue/WorkerOptions))
#12 D:/HOPES/Framework_dossier_start/starter_kit_laravel/vendor/laravel/framework/src/Illuminate/Queue/Console/WorkCommand.php(131): Illuminate/Queue/Console/WorkCommand->runWorker('database', 'default')
#13 D:/HOPES/Framework_dossier_start/starter_kit_laravel/vendor/laravel/framework/src/Illuminate/Container/BoundMethod.php(36): Illuminate/Queue/Console/WorkCommand->handle()
#14 D:/HOPES/Framework_dossier_start/starter_kit_laravel/vendor/laravel/framework/src/Illuminate/Container/Util.php(43): Illuminate/Container/BoundMethod::{closure:Illuminate/Container/BoundMethod::call():35}()
#15 D:/HOPES/Framework_dossier_start/starter_kit_laravel/vendor/laravel/framework/src/Illuminate/Container/BoundMethod.php(96): Illuminate/Container/Util::unwrapIfClosure(Object(Closure))
#16 D:/HOPES/Framework_dossier_start/starter_kit_laravel/vendor/laravel/framework/src/Illuminate/Container/BoundMethod.php(35): Illuminate/Container/BoundMethod::callBoundMethod(Object(Illuminate/Foundation/Application), Array, Object(Closure))
#17 D:/HOPES/Framework_dossier_start/starter_kit_laravel/vendor/laravel/framework/src/Illuminate/Container/Container.php(799): Illuminate/Container/BoundMethod::call(Object(Illuminate/Foundation/Application), Array, Array, NULL)
#18 D:/HOPES/Framework_dossier_start/starter_kit_laravel/vendor/laravel/framework/src/Illuminate/Console/Command.php(280): Illuminate/Container/Container->call(Array)
#19 D:/HOPES/Framework_dossier_start/starter_kit_laravel/vendor/symfony/console/Command/Command.php(291): Illuminate/Console/Command->execute(Object(Symfony/Component/Console/Input/ArgvInput), Object(Illuminate/Console/OutputStyle))
#20 D:/HOPES/Framework_dossier_start/starter_kit_laravel/vendor/laravel/framework/src/Illuminate/Console/Command.php(249): Symfony/Component/Console/Command/Command->run(Object(Symfony/Component/Console/Input/ArgvInput), Object(Illuminate/Console/OutputStyle))
#21 D:/HOPES/Framework_dossier_start/starter_kit_laravel/vendor/symfony/console/Application.php(1107): Illuminate/Console/Command->run(Object(Symfony/Component/Console/Input/ArgvInput), Object(Symfony/Component/Console/Output/ConsoleOutput))
#22 D:/HOPES/Framework_dossier_start/starter_kit_laravel/vendor/symfony/console/Application.php(356): Symfony/Component/Console/Application->doRunCommand(Object(Illuminate/Queue/Console/WorkCommand), Object(Symfony/Component/Console/Input/ArgvInput), Object(Symfony/Component/Console/Output/ConsoleOutput))
#23 D:/HOPES/Framework_dossier_start/starter_kit_laravel/vendor/symfony/console/Application.php(195): Symfony/Component/Console/Application->doRun(Object(Symfony/Component/Console/Input/ArgvInput), Object(Symfony/Component/Console/Output/ConsoleOutput))
#24 D:/HOPES/Framework_dossier_start/starter_kit_laravel/vendor/laravel/framework/src/Illuminate/Foundation/Console/Kernel.php(198): Symfony/Component/Console/Application->run(Object(Symfony/Component/Console/Input/ArgvInput), Object(Symfony/Component/Console/Output/ConsoleOutput))
#25 D:/HOPES/Framework_dossier_start/starter_kit_laravel/vendor/laravel/framework/src/Illuminate/Foundation/Application.php(1235): Illuminate/Foundation/Console/Kernel->handle(Object(Symfony/Component/Console/Input/ArgvInput), Object(Symfony/Component/Console/Output/ConsoleOutput))
#26 D:/HOPES/Framework_dossier_start/starter_kit_laravel/artisan(16): Illuminate/Foundation/Application->handleCommand(Object(Symfony/Component/Console/Input/ArgvInput))
#27 {main}

[previous exception] [object] (PDOException(code: 2002): SQLSTATE[HY000] [2002] Aucune connexion n’a pu être établie car l’ordinateur cible l’a expressément refusée at D:/HOPES/Framework_dossier_start/starter_kit_laravel/vendor/laravel/framework/src/Illuminate/Database/Connectors/Connector.php:67)
[stacktrace]
#0 D:/HOPES/Framework_dossier_start/starter_kit_laravel/vendor/laravel/framework/src/Illuminate/Database/Connectors/Connector.php(67): PDO::connect('mysql:host=127....', 'root', Object(SensitiveParameterValue), Array)
#1 D:/HOPES/Framework_dossier_start/starter_kit_laravel/vendor/laravel/framework/src/Illuminate/Database/Connectors/Connector.php(44): Illuminate/Database/Connectors/Connector->createPdoConnection('mysql:host=127....', 'root', Object(SensitiveParameterValue), Array)
#2 D:/HOPES/Framework_dossier_start/starter_kit_laravel/vendor/laravel/framework/src/Illuminate/Database/Connectors/MySqlConnector.php(24): Illuminate/Database/Connectors/Connector->createConnection('mysql:host=127....', Array, Array)
#3 D:/HOPES/Framework_dossier_start/starter_kit_laravel/vendor/laravel/framework/src/Illuminate/Database/Connectors/ConnectionFactory.php(186): Illuminate/Database/Connectors/MySqlConnector->connect(Array)
#4 [internal function]: Illuminate/Database/Connectors/ConnectionFactory->{closure:Illuminate/Database/Connectors/ConnectionFactory::createPdoResolverWithHosts():181}()
#5 D:/HOPES/Framework_dossier_start/starter_kit_laravel/vendor/laravel/framework/src/Illuminate/Database/Connection.php(1279): call_user_func(Object(Closure))
#6 D:/HOPES/Framework_dossier_start/starter_kit_laravel/vendor/laravel/framework/src/Illuminate/Database/Connection.php(1317): Illuminate/Database/Connection->getPdo()
#7 D:/HOPES/Framework_dossier_start/starter_kit_laravel/vendor/laravel/framework/src/Illuminate/Database/Connection.php(528): Illuminate/Database/Connection->getReadPdo()
#8 D:/HOPES/Framework_dossier_start/starter_kit_laravel/vendor/laravel/framework/src/Illuminate/Database/Connection.php(421): Illuminate/Database/Connection->getPdoForSelect(true)
#9 D:/HOPES/Framework_dossier_start/starter_kit_laravel/vendor/laravel/framework/src/Illuminate/Database/Connection.php(830): Illuminate/Database/Connection->{closure:Illuminate/Database/Connection::select():412}('select * from `...', Array)
#10 D:/HOPES/Framework_dossier_start/starter_kit_laravel/vendor/laravel/framework/src/Illuminate/Database/Connection.php(797): Illuminate/Database/Connection->runQueryCallback('select * from `...', Array, Object(Closure))
#11 D:/HOPES/Framework_dossier_start/starter_kit_laravel/vendor/laravel/framework/src/Illuminate/Database/Connection.php(412): Illuminate/Database/Connection->run('select * from `...', Array, Object(Closure))
#12 D:/HOPES/Framework_dossier_start/starter_kit_laravel/vendor/laravel/framework/src/Illuminate/Database/Query/Builder.php(3562): Illuminate/Database/Connection->select('select * from `...', Array, true, Array)
#13 D:/HOPES/Framework_dossier_start/starter_kit_laravel/vendor/laravel/framework/src/Illuminate/Database/Query/Builder.php(3546): Illuminate/Database/Query/Builder->runSelect()
#14 D:/HOPES/Framework_dossier_start/starter_kit_laravel/vendor/laravel/framework/src/Illuminate/Cache/DatabaseStore.php(142): Illuminate/Database/Query/Builder->get()
#15 D:/HOPES/Framework_dossier_start/starter_kit_laravel/vendor/laravel/framework/src/Illuminate/Cache/DatabaseStore.php(117): Illuminate/Cache/DatabaseStore->many(Array)
#16 D:/HOPES/Framework_dossier_start/starter_kit_laravel/vendor/laravel/framework/src/Illuminate/Cache/Repository.php(124): Illuminate/Cache/DatabaseStore->get('illuminate:queu...')
#17 D:/HOPES/Framework_dossier_start/starter_kit_laravel/vendor/laravel/framework/src/Illuminate/Queue/QueueManager.php(284): Illuminate/Cache/Repository->get('illuminate:queu...', false)
#18 D:/HOPES/Framework_dossier_start/starter_kit_laravel/vendor/laravel/framework/src/Illuminate/Queue/Worker.php(436): Illuminate/Queue/QueueManager->isPaused('database', 'default')
#19 D:/HOPES/Framework_dossier_start/starter_kit_laravel/vendor/laravel/framework/src/Illuminate/Queue/Worker.php(404): Illuminate/Queue/Worker->queuePaused('database', 'default')
#20 D:/HOPES/Framework_dossier_start/starter_kit_laravel/vendor/laravel/framework/src/Illuminate/Queue/Worker.php(365): Illuminate/Queue/Worker->getNextJob(Object(Illuminate/Queue/DatabaseQueue), 'default')
#21 D:/HOPES/Framework_dossier_start/starter_kit_laravel/vendor/laravel/framework/src/Illuminate/Queue/Console/WorkCommand.php(148): Illuminate/Queue/Worker->runNextJob('database', 'default', Object(Illuminate/Queue/WorkerOptions))
#22 D:/HOPES/Framework_dossier_start/starter_kit_laravel/vendor/laravel/framework/src/Illuminate/Queue/Console/WorkCommand.php(131): Illuminate/Queue/Console/WorkCommand->runWorker('database', 'default')
#23 D:/HOPES/Framework_dossier_start/starter_kit_laravel/vendor/laravel/framework/src/Illuminate/Container/BoundMethod.php(36): Illuminate/Queue/Console/WorkCommand->handle()
#24 D:/HOPES/Framework_dossier_start/starter_kit_laravel/vendor/laravel/framework/src/Illuminate/Container/Util.php(43): Illuminate/Container/BoundMethod::{closure:Illuminate/Container/BoundMethod::call():35}()
#25 D:/HOPES/Framework_dossier_start/starter_kit_laravel/vendor/laravel/framework/src/Illuminate/Container/BoundMethod.php(96): Illuminate/Container/Util::unwrapIfClosure(Object(Closure))
#26 D:/HOPES/Framework_dossier_start/starter_kit_laravel/vendor/laravel/framework/src/Illuminate/Container/BoundMethod.php(35): Illuminate/Container/BoundMethod::callBoundMethod(Object(Illuminate/Foundation/Application), Array, Object(Closure))
#27 D:/HOPES/Framework_dossier_start/starter_kit_laravel/vendor/laravel/framework/src/Illuminate/Container/Container.php(799): Illuminate/Container/BoundMethod::call(Object(Illuminate/Foundation/Application), Array, Array, NULL)
#28 D:/HOPES/Framework_dossier_start/starter_kit_laravel/vendor/laravel/framework/src/Illuminate/Console/Command.php(280): Illuminate/Container/Container->call(Array)
#29 D:/HOPES/Framework_dossier_start/starter_kit_laravel/vendor/symfony/console/Command/Command.php(291): Illuminate/Console/Command->execute(Object(Symfony/Component/Console/Input/ArgvInput), Object(Illuminate/Console/OutputStyle))
#30 D:/HOPES/Framework_dossier_start/starter_kit_laravel/vendor/laravel/framework/src/Illuminate/Console/Command.php(249): Symfony/Component/Console/Command/Command->run(Object(Symfony/Component/Console/Input/ArgvInput), Object(Illuminate/Console/OutputStyle))
#31 D:/HOPES/Framework_dossier_start/starter_kit_laravel/vendor/symfony/console/Application.php(1107): Illuminate/Console/Command->run(Object(Symfony/Component/Console/Input/ArgvInput), Object(Symfony/Component/Console/Output/ConsoleOutput))
#32 D:/HOPES/Framework_dossier_start/starter_kit_laravel/vendor/symfony/console/Application.php(356): Symfony/Component/Console/Application->doRunCommand(Object(Illuminate/Queue/Console/WorkCommand), Object(Symfony/Component/Console/Input/ArgvInput), Object(Symfony/Component/Console/Output/ConsoleOutput))
#33 D:/HOPES/Framework_dossier_start/starter_kit_laravel/vendor/symfony/console/Application.php(195): Symfony/Component/Console/Application->doRun(Object(Symfony/Component/Console/Input/ArgvInput), Object(Symfony/Component/Console/Output/ConsoleOutput))
#34 D:/HOPES/Framework_dossier_start/starter_kit_laravel/vendor/laravel/framework/src/Illuminate/Foundation/Console/Kernel.php(198): Symfony/Component/Console/Application->run(Object(Symfony/Component/Console/Input/ArgvInput), Object(Symfony/Component/Console/Output/ConsoleOutput))
#35 D:/HOPES/Framework_dossier_start/starter_kit_laravel/vendor/laravel/framework/src/Illuminate/Foundation/Application.php(1235): Illuminate/Foundation/Console/Kernel->handle(Object(Symfony/Component/Console/Input/ArgvInput), Object(Symfony/Component/Console/Output/ConsoleOutput))
#36 D:/HOPES/Framework_dossier_start/starter_kit_laravel/artisan(16): Illuminate/Foundation/Application->handleCommand(Object(Symfony/Component/Console/Input/ArgvInput))
#37 {main}
"} 
[2026-04-14 06:36:46] local.ERROR: SQLSTATE[HY000] [2002] Aucune connexion n’a pu être établie car l’ordinateur cible l’a expressément refusée (Connection: mysql, Host: 127.0.0.1, Port: 3306, Database: db, SQL: select * from `cache` where `key` in (laravel-cache-illuminate:queue:paused:database:default)) {"exception":"[object] (Illuminate\\Database\\QueryException(code: 2002): SQLSTATE[HY000] [2002] Aucune connexion n’a pu être établie car l’ordinateur cible l’a expressément refusée (Connection: mysql, Host: 127.0.0.1, Port: 3306, Database: db, SQL: select * from `cache` where `key` in (laravel-cache-illuminate:queue:paused:database:default)) at D:/HOPES/Framework_dossier_start/starter_kit_laravel/vendor/laravel/framework/src/Illuminate/Database/Connection.php:841)
[stacktrace]
#0 D:/HOPES/Framework_dossier_start/starter_kit_laravel/vendor/laravel/framework/src/Illuminate/Database/Connection.php(797): Illuminate/Database/Connection->runQueryCallback('select * from `...', Array, Object(Closure))
#1 D:/HOPES/Framework_dossier_start/starter_kit_laravel/vendor/laravel/framework/src/Illuminate/Database/Connection.php(412): Illuminate/Database/Connection->run('select * from `...', Array, Object(Closure))
#2 D:/HOPES/Framework_dossier_start/starter_kit_laravel/vendor/laravel/framework/src/Illuminate/Database/Query/Builder.php(3562): Illuminate/Database/Connection->select('select * from `...', Array, true, Array)
#3 D:/HOPES/Framework_dossier_start/starter_kit_laravel/vendor/laravel/framework/src/Illuminate/Database/Query/Builder.php(3546): Illuminate/Database/Query/Builder->runSelect()
#4 D:/HOPES/Framework_dossier_start/starter_kit_laravel/vendor/laravel/framework/src/Illuminate/Cache/DatabaseStore.php(142): Illuminate/Database/Query/Builder->get()
#5 D:/HOPES/Framework_dossier_start/starter_kit_laravel/vendor/laravel/framework/src/Illuminate/Cache/DatabaseStore.php(117): Illuminate/Cache/DatabaseStore->many(Array)
#6 D:/HOPES/Framework_dossier_start/starter_kit_laravel/vendor/laravel/framework/src/Illuminate/Cache/Repository.php(124): Illuminate/Cache/DatabaseStore->get('illuminate:queu...')
#7 D:/HOPES/Framework_dossier_start/starter_kit_laravel/vendor/laravel/framework/src/Illuminate/Queue/QueueManager.php(284): Illuminate/Cache/Repository->get('illuminate:queu...', false)
#8 D:/HOPES/Framework_dossier_start/starter_kit_laravel/vendor/laravel/framework/src/Illuminate/Queue/Worker.php(436): Illuminate/Queue/QueueManager->isPaused('database', 'default')
#9 D:/HOPES/Framework_dossier_start/starter_kit_laravel/vendor/laravel/framework/src/Illuminate/Queue/Worker.php(404): Illuminate/Queue/Worker->queuePaused('database', 'default')
#10 D:/HOPES/Framework_dossier_start/starter_kit_laravel/vendor/laravel/framework/src/Illuminate/Queue/Worker.php(365): Illuminate/Queue/Worker->getNextJob(Object(Illuminate/Queue/DatabaseQueue), 'default')
#11 D:/HOPES/Framework_dossier_start/starter_kit_laravel/vendor/laravel/framework/src/Illuminate/Queue/Console/WorkCommand.php(148): Illuminate/Queue/Worker->runNextJob('database', 'default', Object(Illuminate/Queue/WorkerOptions))
#12 D:/HOPES/Framework_dossier_start/starter_kit_laravel/vendor/laravel/framework/src/Illuminate/Queue/Console/WorkCommand.php(131): Illuminate/Queue/Console/WorkCommand->runWorker('database', 'default')
#13 D:/HOPES/Framework_dossier_start/starter_kit_laravel/vendor/laravel/framework/src/Illuminate/Container/BoundMethod.php(36): Illuminate/Queue/Console/WorkCommand->handle()
#14 D:/HOPES/Framework_dossier_start/starter_kit_laravel/vendor/laravel/framework/src/Illuminate/Container/Util.php(43): Illuminate/Container/BoundMethod::{closure:Illuminate/Container/BoundMethod::call():35}()
#15 D:/HOPES/Framework_dossier_start/starter_kit_laravel/vendor/laravel/framework/src/Illuminate/Container/BoundMethod.php(96): Illuminate/Container/Util::unwrapIfClosure(Object(Closure))
#16 D:/HOPES/Framework_dossier_start/starter_kit_laravel/vendor/laravel/framework/src/Illuminate/Container/BoundMethod.php(35): Illuminate/Container/BoundMethod::callBoundMethod(Object(Illuminate/Foundation/Application), Array, Object(Closure))
#17 D:/HOPES/Framework_dossier_start/starter_kit_laravel/vendor/laravel/framework/src/Illuminate/Container/Container.php(799): Illuminate/Container/BoundMethod::call(Object(Illuminate/Foundation/Application), Array, Array, NULL)
#18 D:/HOPES/Framework_dossier_start/starter_kit_laravel/vendor/laravel/framework/src/Illuminate/Console/Command.php(280): Illuminate/Container/Container->call(Array)
#19 D:/HOPES/Framework_dossier_start/starter_kit_laravel/vendor/symfony/console/Command/Command.php(291): Illuminate/Console/Command->execute(Object(Symfony/Component/Console/Input/ArgvInput), Object(Illuminate/Console/OutputStyle))
#20 D:/HOPES/Framework_dossier_start/starter_kit_laravel/vendor/laravel/framework/src/Illuminate/Console/Command.php(249): Symfony/Component/Console/Command/Command->run(Object(Symfony/Component/Console/Input/ArgvInput), Object(Illuminate/Console/OutputStyle))
#21 D:/HOPES/Framework_dossier_start/starter_kit_laravel/vendor/symfony/console/Application.php(1107): Illuminate/Console/Command->run(Object(Symfony/Component/Console/Input/ArgvInput), Object(Symfony/Component/Console/Output/ConsoleOutput))
#22 D:/HOPES/Framework_dossier_start/starter_kit_laravel/vendor/symfony/console/Application.php(356): Symfony/Component/Console/Application->doRunCommand(Object(Illuminate/Queue/Console/WorkCommand), Object(Symfony/Component/Console/Input/ArgvInput), Object(Symfony/Component/Console/Output/ConsoleOutput))
#23 D:/HOPES/Framework_dossier_start/starter_kit_laravel/vendor/symfony/console/Application.php(195): Symfony/Component/Console/Application->doRun(Object(Symfony/Component/Console/Input/ArgvInput), Object(Symfony/Component/Console/Output/ConsoleOutput))
#24 D:/HOPES/Framework_dossier_start/starter_kit_laravel/vendor/laravel/framework/src/Illuminate/Foundation/Console/Kernel.php(198): Symfony/Component/Console/Application->run(Object(Symfony/Component/Console/Input/ArgvInput), Object(Symfony/Component/Console/Output/ConsoleOutput))
#25 D:/HOPES/Framework_dossier_start/starter_kit_laravel/vendor/laravel/framework/src/Illuminate/Foundation/Application.php(1235): Illuminate/Foundation/Console/Kernel->handle(Object(Symfony/Component/Console/Input/ArgvInput), Object(Symfony/Component/Console/Output/ConsoleOutput))
#26 D:/HOPES/Framework_dossier_start/starter_kit_laravel/artisan(16): Illuminate/Foundation/Application->handleCommand(Object(Symfony/Component/Console/Input/ArgvInput))
#27 {main}

[previous exception] [object] (PDOException(code: 2002): SQLSTATE[HY000] [2002] Aucune connexion n’a pu être établie car l’ordinateur cible l’a expressément refusée at D:/HOPES/Framework_dossier_start/starter_kit_laravel/vendor/laravel/framework/src/Illuminate/Database/Connectors/Connector.php:67)
[stacktrace]
#0 D:/HOPES/Framework_dossier_start/starter_kit_laravel/vendor/laravel/framework/src/Illuminate/Database/Connectors/Connector.php(67): PDO::connect('mysql:host=127....', 'root', Object(SensitiveParameterValue), Array)
#1 D:/HOPES/Framework_dossier_start/starter_kit_laravel/vendor/laravel/framework/src/Illuminate/Database/Connectors/Connector.php(44): Illuminate/Database/Connectors/Connector->createPdoConnection('mysql:host=127....', 'root', Object(SensitiveParameterValue), Array)
#2 D:/HOPES/Framework_dossier_start/starter_kit_laravel/vendor/laravel/framework/src/Illuminate/Database/Connectors/MySqlConnector.php(24): Illuminate/Database/Connectors/Connector->createConnection('mysql:host=127....', Array, Array)
#3 D:/HOPES/Framework_dossier_start/starter_kit_laravel/vendor/laravel/framework/src/Illuminate/Database/Connectors/ConnectionFactory.php(186): Illuminate/Database/Connectors/MySqlConnector->connect(Array)
#4 [internal function]: Illuminate/Database/Connectors/ConnectionFactory->{closure:Illuminate/Database/Connectors/ConnectionFactory::createPdoResolverWithHosts():181}()
#5 D:/HOPES/Framework_dossier_start/starter_kit_laravel/vendor/laravel/framework/src/Illuminate/Database/Connection.php(1279): call_user_func(Object(Closure))
#6 D:/HOPES/Framework_dossier_start/starter_kit_laravel/vendor/laravel/framework/src/Illuminate/Database/Connection.php(1317): Illuminate/Database/Connection->getPdo()
#7 D:/HOPES/Framework_dossier_start/starter_kit_laravel/vendor/laravel/framework/src/Illuminate/Database/Connection.php(528): Illuminate/Database/Connection->getReadPdo()
#8 D:/HOPES/Framework_dossier_start/starter_kit_laravel/vendor/laravel/framework/src/Illuminate/Database/Connection.php(421): Illuminate/Database/Connection->getPdoForSelect(true)
#9 D:/HOPES/Framework_dossier_start/starter_kit_laravel/vendor/laravel/framework/src/Illuminate/Database/Connection.php(830): Illuminate/Database/Connection->{closure:Illuminate/Database/Connection::select():412}('select * from `...', Array)
#10 D:/HOPES/Framework_dossier_start/starter_kit_laravel/vendor/laravel/framework/src/Illuminate/Database/Connection.php(797): Illuminate/Database/Connection->runQueryCallback('select * from `...', Array, Object(Closure))
#11 D:/HOPES/Framework_dossier_start/starter_kit_laravel/vendor/laravel/framework/src/Illuminate/Database/Connection.php(412): Illuminate/Database/Connection->run('select * from `...', Array, Object(Closure))
#12 D:/HOPES/Framework_dossier_start/starter_kit_laravel/vendor/laravel/framework/src/Illuminate/Database/Query/Builder.php(3562): Illuminate/Database/Connection->select('select * from `...', Array, true, Array)
#13 D:/HOPES/Framework_dossier_start/starter_kit_laravel/vendor/laravel/framework/src/Illuminate/Database/Query/Builder.php(3546): Illuminate/Database/Query/Builder->runSelect()
#14 D:/HOPES/Framework_dossier_start/starter_kit_laravel/vendor/laravel/framework/src/Illuminate/Cache/DatabaseStore.php(142): Illuminate/Database/Query/Builder->get()
#15 D:/HOPES/Framework_dossier_start/starter_kit_laravel/vendor/laravel/framework/src/Illuminate/Cache/DatabaseStore.php(117): Illuminate/Cache/DatabaseStore->many(Array)
#16 D:/HOPES/Framework_dossier_start/starter_kit_laravel/vendor/laravel/framework/src/Illuminate/Cache/Repository.php(124): Illuminate/Cache/DatabaseStore->get('illuminate:queu...')
#17 D:/HOPES/Framework_dossier_start/starter_kit_laravel/vendor/laravel/framework/src/Illuminate/Queue/QueueManager.php(284): Illuminate/Cache/Repository->get('illuminate:queu...', false)
#18 D:/HOPES/Framework_dossier_start/starter_kit_laravel/vendor/laravel/framework/src/Illuminate/Queue/Worker.php(436): Illuminate/Queue/QueueManager->isPaused('database', 'default')
#19 D:/HOPES/Framework_dossier_start/starter_kit_laravel/vendor/laravel/framework/src/Illuminate/Queue/Worker.php(404): Illuminate/Queue/Worker->queuePaused('database', 'default')
#20 D:/HOPES/Framework_dossier_start/starter_kit_laravel/vendor/laravel/framework/src/Illuminate/Queue/Worker.php(365): Illuminate/Queue/Worker->getNextJob(Object(Illuminate/Queue/DatabaseQueue), 'default')
#21 D:/HOPES/Framework_dossier_start/starter_kit_laravel/vendor/laravel/framework/src/Illuminate/Queue/Console/WorkCommand.php(148): Illuminate/Queue/Worker->runNextJob('database', 'default', Object(Illuminate/Queue/WorkerOptions))
#22 D:/HOPES/Framework_dossier_start/starter_kit_laravel/vendor/laravel/framework/src/Illuminate/Queue/Console/WorkCommand.php(131): Illuminate/Queue/Console/WorkCommand->runWorker('database', 'default')
#23 D:/HOPES/Framework_dossier_start/starter_kit_laravel/vendor/laravel/framework/src/Illuminate/Container/BoundMethod.php(36): Illuminate/Queue/Console/WorkCommand->handle()
#24 D:/HOPES/Framework_dossier_start/starter_kit_laravel/vendor/laravel/framework/src/Illuminate/Container/Util.php(43): Illuminate/Container/BoundMethod::{closure:Illuminate/Container/BoundMethod::call():35}()
#25 D:/HOPES/Framework_dossier_start/starter_kit_laravel/vendor/laravel/framework/src/Illuminate/Container/BoundMethod.php(96): Illuminate/Container/Util::unwrapIfClosure(Object(Closure))
#26 D:/HOPES/Framework_dossier_start/starter_kit_laravel/vendor/laravel/framework/src/Illuminate/Container/BoundMethod.php(35): Illuminate/Container/BoundMethod::callBoundMethod(Object(Illuminate/Foundation/Application), Array, Object(Closure))
#27 D:/HOPES/Framework_dossier_start/starter_kit_laravel/vendor/laravel/framework/src/Illuminate/Container/Container.php(799): Illuminate/Container/BoundMethod::call(Object(Illuminate/Foundation/Application), Array, Array, NULL)
#28 D:/HOPES/Framework_dossier_start/starter_kit_laravel/vendor/laravel/framework/src/Illuminate/Console/Command.php(280): Illuminate/Container/Container->call(Array)
#29 D:/HOPES/Framework_dossier_start/starter_kit_laravel/vendor/symfony/console/Command/Command.php(291): Illuminate/Console/Command->execute(Object(Symfony/Component/Console/Input/ArgvInput), Object(Illuminate/Console/OutputStyle))
#30 D:/HOPES/Framework_dossier_start/starter_kit_laravel/vendor/laravel/framework/src/Illuminate/Console/Command.php(249): Symfony/Component/Console/Command/Command->run(Object(Symfony/Component/Console/Input/ArgvInput), Object(Illuminate/Console/OutputStyle))
#31 D:/HOPES/Framework_dossier_start/starter_kit_laravel/vendor/symfony/console/Application.php(1107): Illuminate/Console/Command->run(Object(Symfony/Component/Console/Input/ArgvInput), Object(Symfony/Component/Console/Output/ConsoleOutput))
#32 D:/HOPES/Framework_dossier_start/starter_kit_laravel/vendor/symfony/console/Application.php(356): Symfony/Component/Console/Application->doRunCommand(Object(Illuminate/Queue/Console/WorkCommand), Object(Symfony/Component/Console/Input/ArgvInput), Object(Symfony/Component/Console/Output/ConsoleOutput))
#33 D:/HOPES/Framework_dossier_start/starter_kit_laravel/vendor/symfony/console/Application.php(195): Symfony/Component/Console/Application->doRun(Object(Symfony/Component/Console/Input/ArgvInput), Object(Symfony/Component/Console/Output/ConsoleOutput))
#34 D:/HOPES/Framework_dossier_start/starter_kit_laravel/vendor/laravel/framework/src/Illuminate/Foundation/Console/Kernel.php(198): Symfony/Component/Console/Application->run(Object(Symfony/Component/Console/Input/ArgvInput), Object(Symfony/Component/Console/Output/ConsoleOutput))
#35 D:/HOPES/Framework_dossier_start/starter_kit_laravel/vendor/laravel/framework/src/Illuminate/Foundation/Application.php(1235): Illuminate/Foundation/Console/Kernel->handle(Object(Symfony/Component/Console/Input/ArgvInput), Object(Symfony/Component/Console/Output/ConsoleOutput))
#36 D:/HOPES/Framework_dossier_start/starter_kit_laravel/artisan(16): Illuminate/Foundation/Application->handleCommand(Object(Symfony/Component/Console/Input/ArgvInput))
#37 {main}
"} 
[2026-04-14 06:36:52] local.ERROR: SQLSTATE[HY000] [2002] Aucune connexion n’a pu être établie car l’ordinateur cible l’a expressément refusée (Connection: mysql, Host: 127.0.0.1, Port: 3306, Database: db, SQL: select * from `cache` where `key` in (laravel-cache-illuminate:queue:paused:database:default)) {"exception":"[object] (Illuminate\\Database\\QueryException(code: 2002): SQLSTATE[HY000] [2002] Aucune connexion n’a pu être établie car l’ordinateur cible l’a expressément refusée (Connection: mysql, Host: 127.0.0.1, Port: 3306, Database: db, SQL: select * from `cache` where `key` in (laravel-cache-illuminate:queue:paused:database:default)) at D:/HOPES/Framework_dossier_start/starter_kit_laravel/vendor/laravel/framework/src/Illuminate/Database/Connection.php:841)
[stacktrace]
#0 D:/HOPES/Framework_dossier_start/starter_kit_laravel/vendor/laravel/framework/src/Illuminate/Database/Connection.php(797): Illuminate/Database/Connection->runQueryCallback('select * from `...', Array, Object(Closure))
#1 D:/HOPES/Framework_dossier_start/starter_kit_laravel/vendor/laravel/framework/src/Illuminate/Database/Connection.php(412): Illuminate/Database/Connection->run('select * from `...', Array, Object(Closure))
#2 D:/HOPES/Framework_dossier_start/starter_kit_laravel/vendor/laravel/framework/src/Illuminate/Database/Query/Builder.php(3562): Illuminate/Database/Connection->select('select * from `...', Array, true, Array)
#3 D:/HOPES/Framework_dossier_start/starter_kit_laravel/vendor/laravel/framework/src/Illuminate/Database/Query/Builder.php(3546): Illuminate/Database/Query/Builder->runSelect()
#4 D:/HOPES/Framework_dossier_start/starter_kit_laravel/vendor/laravel/framework/src/Illuminate/Cache/DatabaseStore.php(142): Illuminate/Database/Query/Builder->get()
#5 D:/HOPES/Framework_dossier_start/starter_kit_laravel/vendor/laravel/framework/src/Illuminate/Cache/DatabaseStore.php(117): Illuminate/Cache/DatabaseStore->many(Array)
#6 D:/HOPES/Framework_dossier_start/starter_kit_laravel/vendor/laravel/framework/src/Illuminate/Cache/Repository.php(124): Illuminate/Cache/DatabaseStore->get('illuminate:queu...')
#7 D:/HOPES/Framework_dossier_start/starter_kit_laravel/vendor/laravel/framework/src/Illuminate/Queue/QueueManager.php(284): Illuminate/Cache/Repository->get('illuminate:queu...', false)
#8 D:/HOPES/Framework_dossier_start/starter_kit_laravel/vendor/laravel/framework/src/Illuminate/Queue/Worker.php(436): Illuminate/Queue/QueueManager->isPaused('database', 'default')
#9 D:/HOPES/Framework_dossier_start/starter_kit_laravel/vendor/laravel/framework/src/Illuminate/Queue/Worker.php(404): Illuminate/Queue/Worker->queuePaused('database', 'default')
#10 D:/HOPES/Framework_dossier_start/starter_kit_laravel/vendor/laravel/framework/src/Illuminate/Queue/Worker.php(365): Illuminate/Queue/Worker->getNextJob(Object(Illuminate/Queue/DatabaseQueue), 'default')
#11 D:/HOPES/Framework_dossier_start/starter_kit_laravel/vendor/laravel/framework/src/Illuminate/Queue/Console/WorkCommand.php(148): Illuminate/Queue/Worker->runNextJob('database', 'default', Object(Illuminate/Queue/WorkerOptions))
#12 D:/HOPES/Framework_dossier_start/starter_kit_laravel/vendor/laravel/framework/src/Illuminate/Queue/Console/WorkCommand.php(131): Illuminate/Queue/Console/WorkCommand->runWorker('database', 'default')
#13 D:/HOPES/Framework_dossier_start/starter_kit_laravel/vendor/laravel/framework/src/Illuminate/Container/BoundMethod.php(36): Illuminate/Queue/Console/WorkCommand->handle()
#14 D:/HOPES/Framework_dossier_start/starter_kit_laravel/vendor/laravel/framework/src/Illuminate/Container/Util.php(43): Illuminate/Container/BoundMethod::{closure:Illuminate/Container/BoundMethod::call():35}()
#15 D:/HOPES/Framework_dossier_start/starter_kit_laravel/vendor/laravel/framework/src/Illuminate/Container/BoundMethod.php(96): Illuminate/Container/Util::unwrapIfClosure(Object(Closure))
#16 D:/HOPES/Framework_dossier_start/starter_kit_laravel/vendor/laravel/framework/src/Illuminate/Container/BoundMethod.php(35): Illuminate/Container/BoundMethod::callBoundMethod(Object(Illuminate/Foundation/Application), Array, Object(Closure))
#17 D:/HOPES/Framework_dossier_start/starter_kit_laravel/vendor/laravel/framework/src/Illuminate/Container/Container.php(799): Illuminate/Container/BoundMethod::call(Object(Illuminate/Foundation/Application), Array, Array, NULL)
#18 D:/HOPES/Framework_dossier_start/starter_kit_laravel/vendor/laravel/framework/src/Illuminate/Console/Command.php(280): Illuminate/Container/Container->call(Array)
#19 D:/HOPES/Framework_dossier_start/starter_kit_laravel/vendor/symfony/console/Command/Command.php(291): Illuminate/Console/Command->execute(Object(Symfony/Component/Console/Input/ArgvInput), Object(Illuminate/Console/OutputStyle))
#20 D:/HOPES/Framework_dossier_start/starter_kit_laravel/vendor/laravel/framework/src/Illuminate/Console/Command.php(249): Symfony/Component/Console/Command/Command->run(Object(Symfony/Component/Console/Input/ArgvInput), Object(Illuminate/Console/OutputStyle))
#21 D:/HOPES/Framework_dossier_start/starter_kit_laravel/vendor/symfony/console/Application.php(1107): Illuminate/Console/Command->run(Object(Symfony/Component/Console/Input/ArgvInput), Object(Symfony/Component/Console/Output/ConsoleOutput))
#22 D:/HOPES/Framework_dossier_start/starter_kit_laravel/vendor/symfony/console/Application.php(356): Symfony/Component/Console/Application->doRunCommand(Object(Illuminate/Queue/Console/WorkCommand), Object(Symfony/Component/Console/Input/ArgvInput), Object(Symfony/Component/Console/Output/ConsoleOutput))
#23 D:/HOPES/Framework_dossier_start/starter_kit_laravel/vendor/symfony/console/Application.php(195): Symfony/Component/Console/Application->doRun(Object(Symfony/Component/Console/Input/ArgvInput), Object(Symfony/Component/Console/Output/ConsoleOutput))
#24 D:/HOPES/Framework_dossier_start/starter_kit_laravel/vendor/laravel/framework/src/Illuminate/Foundation/Console/Kernel.php(198): Symfony/Component/Console/Application->run(Object(Symfony/Component/Console/Input/ArgvInput), Object(Symfony/Component/Console/Output/ConsoleOutput))
#25 D:/HOPES/Framework_dossier_start/starter_kit_laravel/vendor/laravel/framework/src/Illuminate/Foundation/Application.php(1235): Illuminate/Foundation/Console/Kernel->handle(Object(Symfony/Component/Console/Input/ArgvInput), Object(Symfony/Component/Console/Output/ConsoleOutput))
#26 D:/HOPES/Framework_dossier_start/starter_kit_laravel/artisan(16): Illuminate/Foundation/Application->handleCommand(Object(Symfony/Component/Console/Input/ArgvInput))
#27 {main}

[previous exception] [object] (PDOException(code: 2002): SQLSTATE[HY000] [2002] Aucune connexion n’a pu être établie car l’ordinateur cible l’a expressément refusée at D:/HOPES/Framework_dossier_start/starter_kit_laravel/vendor/laravel/framework/src/Illuminate/Database/Connectors/Connector.php:67)
[stacktrace]
#0 D:/HOPES/Framework_dossier_start/starter_kit_laravel/vendor/laravel/framework/src/Illuminate/Database/Connectors/Connector.php(67): PDO::connect('mysql:host=127....', 'root', Object(SensitiveParameterValue), Array)
#1 D:/HOPES/Framework_dossier_start/starter_kit_laravel/vendor/laravel/framework/src/Illuminate/Database/Connectors/Connector.php(44): Illuminate/Database/Connectors/Connector->createPdoConnection('mysql:host=127....', 'root', Object(SensitiveParameterValue), Array)
#2 D:/HOPES/Framework_dossier_start/starter_kit_laravel/vendor/laravel/framework/src/Illuminate/Database/Connectors/MySqlConnector.php(24): Illuminate/Database/Connectors/Connector->createConnection('mysql:host=127....', Array, Array)
#3 D:/HOPES/Framework_dossier_start/starter_kit_laravel/vendor/laravel/framework/src/Illuminate/Database/Connectors/ConnectionFactory.php(186): Illuminate/Database/Connectors/MySqlConnector->connect(Array)
#4 [internal function]: Illuminate/Database/Connectors/ConnectionFactory->{closure:Illuminate/Database/Connectors/ConnectionFactory::createPdoResolverWithHosts():181}()
#5 D:/HOPES/Framework_dossier_start/starter_kit_laravel/vendor/laravel/framework/src/Illuminate/Database/Connection.php(1279): call_user_func(Object(Closure))
#6 D:/HOPES/Framework_dossier_start/starter_kit_laravel/vendor/laravel/framework/src/Illuminate/Database/Connection.php(1317): Illuminate/Database/Connection->getPdo()
#7 D:/HOPES/Framework_dossier_start/starter_kit_laravel/vendor/laravel/framework/src/Illuminate/Database/Connection.php(528): Illuminate/Database/Connection->getReadPdo()
#8 D:/HOPES/Framework_dossier_start/starter_kit_laravel/vendor/laravel/framework/src/Illuminate/Database/Connection.php(421): Illuminate/Database/Connection->getPdoForSelect(true)
#9 D:/HOPES/Framework_dossier_start/starter_kit_laravel/vendor/laravel/framework/src/Illuminate/Database/Connection.php(830): Illuminate/Database/Connection->{closure:Illuminate/Database/Connection::select():412}('select * from `...', Array)
#10 D:/HOPES/Framework_dossier_start/starter_kit_laravel/vendor/laravel/framework/src/Illuminate/Database/Connection.php(797): Illuminate/Database/Connection->runQueryCallback('select * from `...', Array, Object(Closure))
#11 D:/HOPES/Framework_dossier_start/starter_kit_laravel/vendor/laravel/framework/src/Illuminate/Database/Connection.php(412): Illuminate/Database/Connection->run('select * from `...', Array, Object(Closure))
#12 D:/HOPES/Framework_dossier_start/starter_kit_laravel/vendor/laravel/framework/src/Illuminate/Database/Query/Builder.php(3562): Illuminate/Database/Connection->select('select * from `...', Array, true, Array)
#13 D:/HOPES/Framework_dossier_start/starter_kit_laravel/vendor/laravel/framework/src/Illuminate/Database/Query/Builder.php(3546): Illuminate/Database/Query/Builder->runSelect()
#14 D:/HOPES/Framework_dossier_start/starter_kit_laravel/vendor/laravel/framework/src/Illuminate/Cache/DatabaseStore.php(142): Illuminate/Database/Query/Builder->get()
#15 D:/HOPES/Framework_dossier_start/starter_kit_laravel/vendor/laravel/framework/src/Illuminate/Cache/DatabaseStore.php(117): Illuminate/Cache/DatabaseStore->many(Array)
#16 D:/HOPES/Framework_dossier_start/starter_kit_laravel/vendor/laravel/framework/src/Illuminate/Cache/Repository.php(124): Illuminate/Cache/DatabaseStore->get('illuminate:queu...')
#17 D:/HOPES/Framework_dossier_start/starter_kit_laravel/vendor/laravel/framework/src/Illuminate/Queue/QueueManager.php(284): Illuminate/Cache/Repository->get('illuminate:queu...', false)
#18 D:/HOPES/Framework_dossier_start/starter_kit_laravel/vendor/laravel/framework/src/Illuminate/Queue/Worker.php(436): Illuminate/Queue/QueueManager->isPaused('database', 'default')
#19 D:/HOPES/Framework_dossier_start/starter_kit_laravel/vendor/laravel/framework/src/Illuminate/Queue/Worker.php(404): Illuminate/Queue/Worker->queuePaused('database', 'default')
#20 D:/HOPES/Framework_dossier_start/starter_kit_laravel/vendor/laravel/framework/src/Illuminate/Queue/Worker.php(365): Illuminate/Queue/Worker->getNextJob(Object(Illuminate/Queue/DatabaseQueue), 'default')
#21 D:/HOPES/Framework_dossier_start/starter_kit_laravel/vendor/laravel/framework/src/Illuminate/Queue/Console/WorkCommand.php(148): Illuminate/Queue/Worker->runNextJob('database', 'default', Object(Illuminate/Queue/WorkerOptions))
#22 D:/HOPES/Framework_dossier_start/starter_kit_laravel/vendor/laravel/framework/src/Illuminate/Queue/Console/WorkCommand.php(131): Illuminate/Queue/Console/WorkCommand->runWorker('database', 'default')
#23 D:/HOPES/Framework_dossier_start/starter_kit_laravel/vendor/laravel/framework/src/Illuminate/Container/BoundMethod.php(36): Illuminate/Queue/Console/WorkCommand->handle()
#24 D:/HOPES/Framework_dossier_start/starter_kit_laravel/vendor/laravel/framework/src/Illuminate/Container/Util.php(43): Illuminate/Container/BoundMethod::{closure:Illuminate/Container/BoundMethod::call():35}()
#25 D:/HOPES/Framework_dossier_start/starter_kit_laravel/vendor/laravel/framework/src/Illuminate/Container/BoundMethod.php(96): Illuminate/Container/Util::unwrapIfClosure(Object(Closure))
#26 D:/HOPES/Framework_dossier_start/starter_kit_laravel/vendor/laravel/framework/src/Illuminate/Container/BoundMethod.php(35): Illuminate/Container/BoundMethod::callBoundMethod(Object(Illuminate/Foundation/Application), Array, Object(Closure))
#27 D:/HOPES/Framework_dossier_start/starter_kit_laravel/vendor/laravel/framework/src/Illuminate/Container/Container.php(799): Illuminate/Container/BoundMethod::call(Object(Illuminate/Foundation/Application), Array, Array, NULL)
#28 D:/HOPES/Framework_dossier_start/starter_kit_laravel/vendor/laravel/framework/src/Illuminate/Console/Command.php(280): Illuminate/Container/Container->call(Array)
#29 D:/HOPES/Framework_dossier_start/starter_kit_laravel/vendor/symfony/console/Command/Command.php(291): Illuminate/Console/Command->execute(Object(Symfony/Component/Console/Input/ArgvInput), Object(Illuminate/Console/OutputStyle))
#30 D:/HOPES/Framework_dossier_start/starter_kit_laravel/vendor/laravel/framework/src/Illuminate/Console/Command.php(249): Symfony/Component/Console/Command/Command->run(Object(Symfony/Component/Console/Input/ArgvInput), Object(Illuminate/Console/OutputStyle))
#31 D:/HOPES/Framework_dossier_start/starter_kit_laravel/vendor/symfony/console/Application.php(1107): Illuminate/Console/Command->run(Object(Symfony/Component/Console/Input/ArgvInput), Object(Symfony/Component/Console/Output/ConsoleOutput))
#32 D:/HOPES/Framework_dossier_start/starter_kit_laravel/vendor/symfony/console/Application.php(356): Symfony/Component/Console/Application->doRunCommand(Object(Illuminate/Queue/Console/WorkCommand), Object(Symfony/Component/Console/Input/ArgvInput), Object(Symfony/Component/Console/Output/ConsoleOutput))
#33 D:/HOPES/Framework_dossier_start/starter_kit_laravel/vendor/symfony/console/Application.php(195): Symfony/Component/Console/Application->doRun(Object(Symfony/Component/Console/Input/ArgvInput), Object(Symfony/Component/Console/Output/ConsoleOutput))
#34 D:/HOPES/Framework_dossier_start/starter_kit_laravel/vendor/laravel/framework/src/Illuminate/Foundation/Console/Kernel.php(198): Symfony/Component/Console/Application->run(Object(Symfony/Component/Console/Input/ArgvInput), Object(Symfony/Component/Console/Output/ConsoleOutput))
#35 D:/HOPES/Framework_dossier_start/starter_kit_laravel/vendor/laravel/framework/src/Illuminate/Foundation/Application.php(1235): Illuminate/Foundation/Console/Kernel->handle(Object(Symfony/Component/Console/Input/ArgvInput), Object(Symfony/Component/Console/Output/ConsoleOutput))
#36 D:/HOPES/Framework_dossier_start/starter_kit_laravel/artisan(16): Illuminate/Foundation/Application->handleCommand(Object(Symfony/Component/Console/Input/ArgvInput))
#37 {main}
"} 
[2026-04-14 06:36:59] local.ERROR: SQLSTATE[HY000] [2002] Aucune connexion n’a pu être établie car l’ordinateur cible l’a expressément refusée (Connection: mysql, Host: 127.0.0.1, Port: 3306, Database: db, SQL: select * from `cache` where `key` in (laravel-cache-illuminate:queue:paused:database:default)) {"exception":"[object] (Illuminate\\Database\\QueryException(code: 2002): SQLSTATE[HY000] [2002] Aucune connexion n’a pu être établie car l’ordinateur cible l’a expressément refusée (Connection: mysql, Host: 127.0.0.1, Port: 3306, Database: db, SQL: select * from `cache` where `key` in (laravel-cache-illuminate:queue:paused:database:default)) at D:/HOPES/Framework_dossier_start/starter_kit_laravel/vendor/laravel/framework/src/Illuminate/Database/Connection.php:841)
[stacktrace]
#0 D:/HOPES/Framework_dossier_start/starter_kit_laravel/vendor/laravel/framework/src/Illuminate/Database/Connection.php(797): Illuminate/Database/Connection->runQueryCallback('select * from `...', Array, Object(Closure))
#1 D:/HOPES/Framework_dossier_start/starter_kit_laravel/vendor/laravel/framework/src/Illuminate/Database/Connection.php(412): Illuminate/Database/Connection->run('select * from `...', Array, Object(Closure))
#2 D:/HOPES/Framework_dossier_start/starter_kit_laravel/vendor/laravel/framework/src/Illuminate/Database/Query/Builder.php(3562): Illuminate/Database/Connection->select('select * from `...', Array, true, Array)
#3 D:/HOPES/Framework_dossier_start/starter_kit_laravel/vendor/laravel/framework/src/Illuminate/Database/Query/Builder.php(3546): Illuminate/Database/Query/Builder->runSelect()
#4 D:/HOPES/Framework_dossier_start/starter_kit_laravel/vendor/laravel/framework/src/Illuminate/Cache/DatabaseStore.php(142): Illuminate/Database/Query/Builder->get()
#5 D:/HOPES/Framework_dossier_start/starter_kit_laravel/vendor/laravel/framework/src/Illuminate/Cache/DatabaseStore.php(117): Illuminate/Cache/DatabaseStore->many(Array)
#6 D:/HOPES/Framework_dossier_start/starter_kit_laravel/vendor/laravel/framework/src/Illuminate/Cache/Repository.php(124): Illuminate/Cache/DatabaseStore->get('illuminate:queu...')
#7 D:/HOPES/Framework_dossier_start/starter_kit_laravel/vendor/laravel/framework/src/Illuminate/Queue/QueueManager.php(284): Illuminate/Cache/Repository->get('illuminate:queu...', false)
#8 D:/HOPES/Framework_dossier_start/starter_kit_laravel/vendor/laravel/framework/src/Illuminate/Queue/Worker.php(436): Illuminate/Queue/QueueManager->isPaused('database', 'default')
#9 D:/HOPES/Framework_dossier_start/starter_kit_laravel/vendor/laravel/framework/src/Illuminate/Queue/Worker.php(404): Illuminate/Queue/Worker->queuePaused('database', 'default')
#10 D:/HOPES/Framework_dossier_start/starter_kit_laravel/vendor/laravel/framework/src/Illuminate/Queue/Worker.php(365): Illuminate/Queue/Worker->getNextJob(Object(Illuminate/Queue/DatabaseQueue), 'default')
#11 D:/HOPES/Framework_dossier_start/starter_kit_laravel/vendor/laravel/framework/src/Illuminate/Queue/Console/WorkCommand.php(148): Illuminate/Queue/Worker->runNextJob('database', 'default', Object(Illuminate/Queue/WorkerOptions))
#12 D:/HOPES/Framework_dossier_start/starter_kit_laravel/vendor/laravel/framework/src/Illuminate/Queue/Console/WorkCommand.php(131): Illuminate/Queue/Console/WorkCommand->runWorker('database', 'default')
#13 D:/HOPES/Framework_dossier_start/starter_kit_laravel/vendor/laravel/framework/src/Illuminate/Container/BoundMethod.php(36): Illuminate/Queue/Console/WorkCommand->handle()
#14 D:/HOPES/Framework_dossier_start/starter_kit_laravel/vendor/laravel/framework/src/Illuminate/Container/Util.php(43): Illuminate/Container/BoundMethod::{closure:Illuminate/Container/BoundMethod::call():35}()
#15 D:/HOPES/Framework_dossier_start/starter_kit_laravel/vendor/laravel/framework/src/Illuminate/Container/BoundMethod.php(96): Illuminate/Container/Util::unwrapIfClosure(Object(Closure))
#16 D:/HOPES/Framework_dossier_start/starter_kit_laravel/vendor/laravel/framework/src/Illuminate/Container/BoundMethod.php(35): Illuminate/Container/BoundMethod::callBoundMethod(Object(Illuminate/Foundation/Application), Array, Object(Closure))
#17 D:/HOPES/Framework_dossier_start/starter_kit_laravel/vendor/laravel/framework/src/Illuminate/Container/Container.php(799): Illuminate/Container/BoundMethod::call(Object(Illuminate/Foundation/Application), Array, Array, NULL)
#18 D:/HOPES/Framework_dossier_start/starter_kit_laravel/vendor/laravel/framework/src/Illuminate/Console/Command.php(280): Illuminate/Container/Container->call(Array)
#19 D:/HOPES/Framework_dossier_start/starter_kit_laravel/vendor/symfony/console/Command/Command.php(291): Illuminate/Console/Command->execute(Object(Symfony/Component/Console/Input/ArgvInput), Object(Illuminate/Console/OutputStyle))
#20 D:/HOPES/Framework_dossier_start/starter_kit_laravel/vendor/laravel/framework/src/Illuminate/Console/Command.php(249): Symfony/Component/Console/Command/Command->run(Object(Symfony/Component/Console/Input/ArgvInput), Object(Illuminate/Console/OutputStyle))
#21 D:/HOPES/Framework_dossier_start/starter_kit_laravel/vendor/symfony/console/Application.php(1107): Illuminate/Console/Command->run(Object(Symfony/Component/Console/Input/ArgvInput), Object(Symfony/Component/Console/Output/ConsoleOutput))
#22 D:/HOPES/Framework_dossier_start/starter_kit_laravel/vendor/symfony/console/Application.php(356): Symfony/Component/Console/Application->doRunCommand(Object(Illuminate/Queue/Console/WorkCommand), Object(Symfony/Component/Console/Input/ArgvInput), Object(Symfony/Component/Console/Output/ConsoleOutput))
#23 D:/HOPES/Framework_dossier_start/starter_kit_laravel/vendor/symfony/console/Application.php(195): Symfony/Component/Console/Application->doRun(Object(Symfony/Component/Console/Input/ArgvInput), Object(Symfony/Component/Console/Output/ConsoleOutput))
#24 D:/HOPES/Framework_dossier_start/starter_kit_laravel/vendor/laravel/framework/src/Illuminate/Foundation/Console/Kernel.php(198): Symfony/Component/Console/Application->run(Object(Symfony/Component/Console/Input/ArgvInput), Object(Symfony/Component/Console/Output/ConsoleOutput))
#25 D:/HOPES/Framework_dossier_start/starter_kit_laravel/vendor/laravel/framework/src/Illuminate/Foundation/Application.php(1235): Illuminate/Foundation/Console/Kernel->handle(Object(Symfony/Component/Console/Input/ArgvInput), Object(Symfony/Component/Console/Output/ConsoleOutput))
#26 D:/HOPES/Framework_dossier_start/starter_kit_laravel/artisan(16): Illuminate/Foundation/Application->handleCommand(Object(Symfony/Component/Console/Input/ArgvInput))
#27 {main}

[previous exception] [object] (PDOException(code: 2002): SQLSTATE[HY000] [2002] Aucune connexion n’a pu être établie car l’ordinateur cible l’a expressément refusée at D:/HOPES/Framework_dossier_start/starter_kit_laravel/vendor/laravel/framework/src/Illuminate/Database/Connectors/Connector.php:67)
[stacktrace]
#0 D:/HOPES/Framework_dossier_start/starter_kit_laravel/vendor/laravel/framework/src/Illuminate/Database/Connectors/Connector.php(67): PDO::connect('mysql:host=127....', 'root', Object(SensitiveParameterValue), Array)
#1 D:/HOPES/Framework_dossier_start/starter_kit_laravel/vendor/laravel/framework/src/Illuminate/Database/Connectors/Connector.php(44): Illuminate/Database/Connectors/Connector->createPdoConnection('mysql:host=127....', 'root', Object(SensitiveParameterValue), Array)
#2 D:/HOPES/Framework_dossier_start/starter_kit_laravel/vendor/laravel/framework/src/Illuminate/Database/Connectors/MySqlConnector.php(24): Illuminate/Database/Connectors/Connector->createConnection('mysql:host=127....', Array, Array)
#3 D:/HOPES/Framework_dossier_start/starter_kit_laravel/vendor/laravel/framework/src/Illuminate/Database/Connectors/ConnectionFactory.php(186): Illuminate/Database/Connectors/MySqlConnector->connect(Array)
#4 [internal function]: Illuminate/Database/Connectors/ConnectionFactory->{closure:Illuminate/Database/Connectors/ConnectionFactory::createPdoResolverWithHosts():181}()
#5 D:/HOPES/Framework_dossier_start/starter_kit_laravel/vendor/laravel/framework/src/Illuminate/Database/Connection.php(1279): call_user_func(Object(Closure))
#6 D:/HOPES/Framework_dossier_start/starter_kit_laravel/vendor/laravel/framework/src/Illuminate/Database/Connection.php(1317): Illuminate/Database/Connection->getPdo()
#7 D:/HOPES/Framework_dossier_start/starter_kit_laravel/vendor/laravel/framework/src/Illuminate/Database/Connection.php(528): Illuminate/Database/Connection->getReadPdo()
#8 D:/HOPES/Framework_dossier_start/starter_kit_laravel/vendor/laravel/framework/src/Illuminate/Database/Connection.php(421): Illuminate/Database/Connection->getPdoForSelect(true)
#9 D:/HOPES/Framework_dossier_start/starter_kit_laravel/vendor/laravel/framework/src/Illuminate/Database/Connection.php(830): Illuminate/Database/Connection->{closure:Illuminate/Database/Connection::select():412}('select * from `...', Array)
#10 D:/HOPES/Framework_dossier_start/starter_kit_laravel/vendor/laravel/framework/src/Illuminate/Database/Connection.php(797): Illuminate/Database/Connection->runQueryCallback('select * from `...', Array, Object(Closure))
#11 D:/HOPES/Framework_dossier_start/starter_kit_laravel/vendor/laravel/framework/src/Illuminate/Database/Connection.php(412): Illuminate/Database/Connection->run('select * from `...', Array, Object(Closure))
#12 D:/HOPES/Framework_dossier_start/starter_kit_laravel/vendor/laravel/framework/src/Illuminate/Database/Query/Builder.php(3562): Illuminate/Database/Connection->select('select * from `...', Array, true, Array)
#13 D:/HOPES/Framework_dossier_start/starter_kit_laravel/vendor/laravel/framework/src/Illuminate/Database/Query/Builder.php(3546): Illuminate/Database/Query/Builder->runSelect()
#14 D:/HOPES/Framework_dossier_start/starter_kit_laravel/vendor/laravel/framework/src/Illuminate/Cache/DatabaseStore.php(142): Illuminate/Database/Query/Builder->get()
#15 D:/HOPES/Framework_dossier_start/starter_kit_laravel/vendor/laravel/framework/src/Illuminate/Cache/DatabaseStore.php(117): Illuminate/Cache/DatabaseStore->many(Array)
#16 D:/HOPES/Framework_dossier_start/starter_kit_laravel/vendor/laravel/framework/src/Illuminate/Cache/Repository.php(124): Illuminate/Cache/DatabaseStore->get('illuminate:queu...')
#17 D:/HOPES/Framework_dossier_start/starter_kit_laravel/vendor/laravel/framework/src/Illuminate/Queue/QueueManager.php(284): Illuminate/Cache/Repository->get('illuminate:queu...', false)
#18 D:/HOPES/Framework_dossier_start/starter_kit_laravel/vendor/laravel/framework/src/Illuminate/Queue/Worker.php(436): Illuminate/Queue/QueueManager->isPaused('database', 'default')
#19 D:/HOPES/Framework_dossier_start/starter_kit_laravel/vendor/laravel/framework/src/Illuminate/Queue/Worker.php(404): Illuminate/Queue/Worker->queuePaused('database', 'default')
#20 D:/HOPES/Framework_dossier_start/starter_kit_laravel/vendor/laravel/framework/src/Illuminate/Queue/Worker.php(365): Illuminate/Queue/Worker->getNextJob(Object(Illuminate/Queue/DatabaseQueue), 'default')
#21 D:/HOPES/Framework_dossier_start/starter_kit_laravel/vendor/laravel/framework/src/Illuminate/Queue/Console/WorkCommand.php(148): Illuminate/Queue/Worker->runNextJob('database', 'default', Object(Illuminate/Queue/WorkerOptions))
#22 D:/HOPES/Framework_dossier_start/starter_kit_laravel/vendor/laravel/framework/src/Illuminate/Queue/Console/WorkCommand.php(131): Illuminate/Queue/Console/WorkCommand->runWorker('database', 'default')
#23 D:/HOPES/Framework_dossier_start/starter_kit_laravel/vendor/laravel/framework/src/Illuminate/Container/BoundMethod.php(36): Illuminate/Queue/Console/WorkCommand->handle()
#24 D:/HOPES/Framework_dossier_start/starter_kit_laravel/vendor/laravel/framework/src/Illuminate/Container/Util.php(43): Illuminate/Container/BoundMethod::{closure:Illuminate/Container/BoundMethod::call():35}()
#25 D:/HOPES/Framework_dossier_start/starter_kit_laravel/vendor/laravel/framework/src/Illuminate/Container/BoundMethod.php(96): Illuminate/Container/Util::unwrapIfClosure(Object(Closure))
#26 D:/HOPES/Framework_dossier_start/starter_kit_laravel/vendor/laravel/framework/src/Illuminate/Container/BoundMethod.php(35): Illuminate/Container/BoundMethod::callBoundMethod(Object(Illuminate/Foundation/Application), Array, Object(Closure))
#27 D:/HOPES/Framework_dossier_start/starter_kit_laravel/vendor/laravel/framework/src/Illuminate/Container/Container.php(799): Illuminate/Container/BoundMethod::call(Object(Illuminate/Foundation/Application), Array, Array, NULL)
#28 D:/HOPES/Framework_dossier_start/starter_kit_laravel/vendor/laravel/framework/src/Illuminate/Console/Command.php(280): Illuminate/Container/Container->call(Array)
#29 D:/HOPES/Framework_dossier_start/starter_kit_laravel/vendor/symfony/console/Command/Command.php(291): Illuminate/Console/Command->execute(Object(Symfony/Component/Console/Input/ArgvInput), Object(Illuminate/Console/OutputStyle))
#30 D:/HOPES/Framework_dossier_start/starter_kit_laravel/vendor/laravel/framework/src/Illuminate/Console/Command.php(249): Symfony/Component/Console/Command/Command->run(Object(Symfony/Component/Console/Input/ArgvInput), Object(Illuminate/Console/OutputStyle))
#31 D:/HOPES/Framework_dossier_start/starter_kit_laravel/vendor/symfony/console/Application.php(1107): Illuminate/Console/Command->run(Object(Symfony/Component/Console/Input/ArgvInput), Object(Symfony/Component/Console/Output/ConsoleOutput))
#32 D:/HOPES/Framework_dossier_start/starter_kit_laravel/vendor/symfony/console/Application.php(356): Symfony/Component/Console/Application->doRunCommand(Object(Illuminate/Queue/Console/WorkCommand), Object(Symfony/Component/Console/Input/ArgvInput), Object(Symfony/Component/Console/Output/ConsoleOutput))
#33 D:/HOPES/Framework_dossier_start/starter_kit_laravel/vendor/symfony/console/Application.php(195): Symfony/Component/Console/Application->doRun(Object(Symfony/Component/Console/Input/ArgvInput), Object(Symfony/Component/Console/Output/ConsoleOutput))
#34 D:/HOPES/Framework_dossier_start/starter_kit_laravel/vendor/laravel/framework/src/Illuminate/Foundation/Console/Kernel.php(198): Symfony/Component/Console/Application->run(Object(Symfony/Component/Console/Input/ArgvInput), Object(Symfony/Component/Console/Output/ConsoleOutput))
#35 D:/HOPES/Framework_dossier_start/starter_kit_laravel/vendor/laravel/framework/src/Illuminate/Foundation/Application.php(1235): Illuminate/Foundation/Console/Kernel->handle(Object(Symfony/Component/Console/Input/ArgvInput), Object(Symfony/Component/Console/Output/ConsoleOutput))
#36 D:/HOPES/Framework_dossier_start/starter_kit_laravel/artisan(16): Illuminate/Foundation/Application->handleCommand(Object(Symfony/Component/Console/Input/ArgvInput))
#37 {main}
"} 
[2026-04-14 06:37:05] local.ERROR: SQLSTATE[HY000] [2002] Aucune connexion n’a pu être établie car l’ordinateur cible l’a expressément refusée (Connection: mysql, Host: 127.0.0.1, Port: 3306, Database: db, SQL: select * from `cache` where `key` in (laravel-cache-illuminate:queue:paused:database:default)) {"exception":"[object] (Illuminate\\Database\\QueryException(code: 2002): SQLSTATE[HY000] [2002] Aucune connexion n’a pu être établie car l’ordinateur cible l’a expressément refusée (Connection: mysql, Host: 127.0.0.1, Port: 3306, Database: db, SQL: select * from `cache` where `key` in (laravel-cache-illuminate:queue:paused:database:default)) at D:/HOPES/Framework_dossier_start/starter_kit_laravel/vendor/laravel/framework/src/Illuminate/Database/Connection.php:841)
[stacktrace]
#0 D:/HOPES/Framework_dossier_start/starter_kit_laravel/vendor/laravel/framework/src/Illuminate/Database/Connection.php(797): Illuminate/Database/Connection->runQueryCallback('select * from `...', Array, Object(Closure))
#1 D:/HOPES/Framework_dossier_start/starter_kit_laravel/vendor/laravel/framework/src/Illuminate/Database/Connection.php(412): Illuminate/Database/Connection->run('select * from `...', Array, Object(Closure))
#2 D:/HOPES/Framework_dossier_start/starter_kit_laravel/vendor/laravel/framework/src/Illuminate/Database/Query/Builder.php(3562): Illuminate/Database/Connection->select('select * from `...', Array, true, Array)
#3 D:/HOPES/Framework_dossier_start/starter_kit_laravel/vendor/laravel/framework/src/Illuminate/Database/Query/Builder.php(3546): Illuminate/Database/Query/Builder->runSelect()
#4 D:/HOPES/Framework_dossier_start/starter_kit_laravel/vendor/laravel/framework/src/Illuminate/Cache/DatabaseStore.php(142): Illuminate/Database/Query/Builder->get()
#5 D:/HOPES/Framework_dossier_start/starter_kit_laravel/vendor/laravel/framework/src/Illuminate/Cache/DatabaseStore.php(117): Illuminate/Cache/DatabaseStore->many(Array)
#6 D:/HOPES/Framework_dossier_start/starter_kit_laravel/vendor/laravel/framework/src/Illuminate/Cache/Repository.php(124): Illuminate/Cache/DatabaseStore->get('illuminate:queu...')
#7 D:/HOPES/Framework_dossier_start/starter_kit_laravel/vendor/laravel/framework/src/Illuminate/Queue/QueueManager.php(284): Illuminate/Cache/Repository->get('illuminate:queu...', false)
#8 D:/HOPES/Framework_dossier_start/starter_kit_laravel/vendor/laravel/framework/src/Illuminate/Queue/Worker.php(436): Illuminate/Queue/QueueManager->isPaused('database', 'default')
#9 D:/HOPES/Framework_dossier_start/starter_kit_laravel/vendor/laravel/framework/src/Illuminate/Queue/Worker.php(404): Illuminate/Queue/Worker->queuePaused('database', 'default')
#10 D:/HOPES/Framework_dossier_start/starter_kit_laravel/vendor/laravel/framework/src/Illuminate/Queue/Worker.php(365): Illuminate/Queue/Worker->getNextJob(Object(Illuminate/Queue/DatabaseQueue), 'default')
#11 D:/HOPES/Framework_dossier_start/starter_kit_laravel/vendor/laravel/framework/src/Illuminate/Queue/Console/WorkCommand.php(148): Illuminate/Queue/Worker->runNextJob('database', 'default', Object(Illuminate/Queue/WorkerOptions))
#12 D:/HOPES/Framework_dossier_start/starter_kit_laravel/vendor/laravel/framework/src/Illuminate/Queue/Console/WorkCommand.php(131): Illuminate/Queue/Console/WorkCommand->runWorker('database', 'default')
#13 D:/HOPES/Framework_dossier_start/starter_kit_laravel/vendor/laravel/framework/src/Illuminate/Container/BoundMethod.php(36): Illuminate/Queue/Console/WorkCommand->handle()
#14 D:/HOPES/Framework_dossier_start/starter_kit_laravel/vendor/laravel/framework/src/Illuminate/Container/Util.php(43): Illuminate/Container/BoundMethod::{closure:Illuminate/Container/BoundMethod::call():35}()
#15 D:/HOPES/Framework_dossier_start/starter_kit_laravel/vendor/laravel/framework/src/Illuminate/Container/BoundMethod.php(96): Illuminate/Container/Util::unwrapIfClosure(Object(Closure))
#16 D:/HOPES/Framework_dossier_start/starter_kit_laravel/vendor/laravel/framework/src/Illuminate/Container/BoundMethod.php(35): Illuminate/Container/BoundMethod::callBoundMethod(Object(Illuminate/Foundation/Application), Array, Object(Closure))
#17 D:/HOPES/Framework_dossier_start/starter_kit_laravel/vendor/laravel/framework/src/Illuminate/Container/Container.php(799): Illuminate/Container/BoundMethod::call(Object(Illuminate/Foundation/Application), Array, Array, NULL)
#18 D:/HOPES/Framework_dossier_start/starter_kit_laravel/vendor/laravel/framework/src/Illuminate/Console/Command.php(280): Illuminate/Container/Container->call(Array)
#19 D:/HOPES/Framework_dossier_start/starter_kit_laravel/vendor/symfony/console/Command/Command.php(291): Illuminate/Console/Command->execute(Object(Symfony/Component/Console/Input/ArgvInput), Object(Illuminate/Console/OutputStyle))
#20 D:/HOPES/Framework_dossier_start/starter_kit_laravel/vendor/laravel/framework/src/Illuminate/Console/Command.php(249): Symfony/Component/Console/Command/Command->run(Object(Symfony/Component/Console/Input/ArgvInput), Object(Illuminate/Console/OutputStyle))
#21 D:/HOPES/Framework_dossier_start/starter_kit_laravel/vendor/symfony/console/Application.php(1107): Illuminate/Console/Command->run(Object(Symfony/Component/Console/Input/ArgvInput), Object(Symfony/Component/Console/Output/ConsoleOutput))
#22 D:/HOPES/Framework_dossier_start/starter_kit_laravel/vendor/symfony/console/Application.php(356): Symfony/Component/Console/Application->doRunCommand(Object(Illuminate/Queue/Console/WorkCommand), Object(Symfony/Component/Console/Input/ArgvInput), Object(Symfony/Component/Console/Output/ConsoleOutput))
#23 D:/HOPES/Framework_dossier_start/starter_kit_laravel/vendor/symfony/console/Application.php(195): Symfony/Component/Console/Application->doRun(Object(Symfony/Component/Console/Input/ArgvInput), Object(Symfony/Component/Console/Output/ConsoleOutput))
#24 D:/HOPES/Framework_dossier_start/starter_kit_laravel/vendor/laravel/framework/src/Illuminate/Foundation/Console/Kernel.php(198): Symfony/Component/Console/Application->run(Object(Symfony/Component/Console/Input/ArgvInput), Object(Symfony/Component/Console/Output/ConsoleOutput))
#25 D:/HOPES/Framework_dossier_start/starter_kit_laravel/vendor/laravel/framework/src/Illuminate/Foundation/Application.php(1235): Illuminate/Foundation/Console/Kernel->handle(Object(Symfony/Component/Console/Input/ArgvInput), Object(Symfony/Component/Console/Output/ConsoleOutput))
#26 D:/HOPES/Framework_dossier_start/starter_kit_laravel/artisan(16): Illuminate/Foundation/Application->handleCommand(Object(Symfony/Component/Console/Input/ArgvInput))
#27 {main}

[previous exception] [object] (PDOException(code: 2002): SQLSTATE[HY000] [2002] Aucune connexion n’a pu être établie car l’ordinateur cible l’a expressément refusée at D:/HOPES/Framework_dossier_start/starter_kit_laravel/vendor/laravel/framework/src/Illuminate/Database/Connectors/Connector.php:67)
[stacktrace]
#0 D:/HOPES/Framework_dossier_start/starter_kit_laravel/vendor/laravel/framework/src/Illuminate/Database/Connectors/Connector.php(67): PDO::connect('mysql:host=127....', 'root', Object(SensitiveParameterValue), Array)
#1 D:/HOPES/Framework_dossier_start/starter_kit_laravel/vendor/laravel/framework/src/Illuminate/Database/Connectors/Connector.php(44): Illuminate/Database/Connectors/Connector->createPdoConnection('mysql:host=127....', 'root', Object(SensitiveParameterValue), Array)
#2 D:/HOPES/Framework_dossier_start/starter_kit_laravel/vendor/laravel/framework/src/Illuminate/Database/Connectors/MySqlConnector.php(24): Illuminate/Database/Connectors/Connector->createConnection('mysql:host=127....', Array, Array)
#3 D:/HOPES/Framework_dossier_start/starter_kit_laravel/vendor/laravel/framework/src/Illuminate/Database/Connectors/ConnectionFactory.php(186): Illuminate/Database/Connectors/MySqlConnector->connect(Array)
#4 [internal function]: Illuminate/Database/Connectors/ConnectionFactory->{closure:Illuminate/Database/Connectors/ConnectionFactory::createPdoResolverWithHosts():181}()
#5 D:/HOPES/Framework_dossier_start/starter_kit_laravel/vendor/laravel/framework/src/Illuminate/Database/Connection.php(1279): call_user_func(Object(Closure))
#6 D:/HOPES/Framework_dossier_start/starter_kit_laravel/vendor/laravel/framework/src/Illuminate/Database/Connection.php(1317): Illuminate/Database/Connection->getPdo()
#7 D:/HOPES/Framework_dossier_start/starter_kit_laravel/vendor/laravel/framework/src/Illuminate/Database/Connection.php(528): Illuminate/Database/Connection->getReadPdo()
#8 D:/HOPES/Framework_dossier_start/starter_kit_laravel/vendor/laravel/framework/src/Illuminate/Database/Connection.php(421): Illuminate/Database/Connection->getPdoForSelect(true)
#9 D:/HOPES/Framework_dossier_start/starter_kit_laravel/vendor/laravel/framework/src/Illuminate/Database/Connection.php(830): Illuminate/Database/Connection->{closure:Illuminate/Database/Connection::select():412}('select * from `...', Array)
#10 D:/HOPES/Framework_dossier_start/starter_kit_laravel/vendor/laravel/framework/src/Illuminate/Database/Connection.php(797): Illuminate/Database/Connection->runQueryCallback('select * from `...', Array, Object(Closure))
#11 D:/HOPES/Framework_dossier_start/starter_kit_laravel/vendor/laravel/framework/src/Illuminate/Database/Connection.php(412): Illuminate/Database/Connection->run('select * from `...', Array, Object(Closure))
#12 D:/HOPES/Framework_dossier_start/starter_kit_laravel/vendor/laravel/framework/src/Illuminate/Database/Query/Builder.php(3562): Illuminate/Database/Connection->select('select * from `...', Array, true, Array)
#13 D:/HOPES/Framework_dossier_start/starter_kit_laravel/vendor/laravel/framework/src/Illuminate/Database/Query/Builder.php(3546): Illuminate/Database/Query/Builder->runSelect()
#14 D:/HOPES/Framework_dossier_start/starter_kit_laravel/vendor/laravel/framework/src/Illuminate/Cache/DatabaseStore.php(142): Illuminate/Database/Query/Builder->get()
#15 D:/HOPES/Framework_dossier_start/starter_kit_laravel/vendor/laravel/framework/src/Illuminate/Cache/DatabaseStore.php(117): Illuminate/Cache/DatabaseStore->many(Array)
#16 D:/HOPES/Framework_dossier_start/starter_kit_laravel/vendor/laravel/framework/src/Illuminate/Cache/Repository.php(124): Illuminate/Cache/DatabaseStore->get('illuminate:queu...')
#17 D:/HOPES/Framework_dossier_start/starter_kit_laravel/vendor/laravel/framework/src/Illuminate/Queue/QueueManager.php(284): Illuminate/Cache/Repository->get('illuminate:queu...', false)
#18 D:/HOPES/Framework_dossier_start/starter_kit_laravel/vendor/laravel/framework/src/Illuminate/Queue/Worker.php(436): Illuminate/Queue/QueueManager->isPaused('database', 'default')
#19 D:/HOPES/Framework_dossier_start/starter_kit_laravel/vendor/laravel/framework/src/Illuminate/Queue/Worker.php(404): Illuminate/Queue/Worker->queuePaused('database', 'default')
#20 D:/HOPES/Framework_dossier_start/starter_kit_laravel/vendor/laravel/framework/src/Illuminate/Queue/Worker.php(365): Illuminate/Queue/Worker->getNextJob(Object(Illuminate/Queue/DatabaseQueue), 'default')
#21 D:/HOPES/Framework_dossier_start/starter_kit_laravel/vendor/laravel/framework/src/Illuminate/Queue/Console/WorkCommand.php(148): Illuminate/Queue/Worker->runNextJob('database', 'default', Object(Illuminate/Queue/WorkerOptions))
#22 D:/HOPES/Framework_dossier_start/starter_kit_laravel/vendor/laravel/framework/src/Illuminate/Queue/Console/WorkCommand.php(131): Illuminate/Queue/Console/WorkCommand->runWorker('database', 'default')
#23 D:/HOPES/Framework_dossier_start/starter_kit_laravel/vendor/laravel/framework/src/Illuminate/Container/BoundMethod.php(36): Illuminate/Queue/Console/WorkCommand->handle()
#24 D:/HOPES/Framework_dossier_start/starter_kit_laravel/vendor/laravel/framework/src/Illuminate/Container/Util.php(43): Illuminate/Container/BoundMethod::{closure:Illuminate/Container/BoundMethod::call():35}()
#25 D:/HOPES/Framework_dossier_start/starter_kit_laravel/vendor/laravel/framework/src/Illuminate/Container/BoundMethod.php(96): Illuminate/Container/Util::unwrapIfClosure(Object(Closure))
#26 D:/HOPES/Framework_dossier_start/starter_kit_laravel/vendor/laravel/framework/src/Illuminate/Container/BoundMethod.php(35): Illuminate/Container/BoundMethod::callBoundMethod(Object(Illuminate/Foundation/Application), Array, Object(Closure))
#27 D:/HOPES/Framework_dossier_start/starter_kit_laravel/vendor/laravel/framework/src/Illuminate/Container/Container.php(799): Illuminate/Container/BoundMethod::call(Object(Illuminate/Foundation/Application), Array, Array, NULL)
#28 D:/HOPES/Framework_dossier_start/starter_kit_laravel/vendor/laravel/framework/src/Illuminate/Console/Command.php(280): Illuminate/Container/Container->call(Array)
#29 D:/HOPES/Framework_dossier_start/starter_kit_laravel/vendor/symfony/console/Command/Command.php(291): Illuminate/Console/Command->execute(Object(Symfony/Component/Console/Input/ArgvInput), Object(Illuminate/Console/OutputStyle))
#30 D:/HOPES/Framework_dossier_start/starter_kit_laravel/vendor/laravel/framework/src/Illuminate/Console/Command.php(249): Symfony/Component/Console/Command/Command->run(Object(Symfony/Component/Console/Input/ArgvInput), Object(Illuminate/Console/OutputStyle))
#31 D:/HOPES/Framework_dossier_start/starter_kit_laravel/vendor/symfony/console/Application.php(1107): Illuminate/Console/Command->run(Object(Symfony/Component/Console/Input/ArgvInput), Object(Symfony/Component/Console/Output/ConsoleOutput))
#32 D:/HOPES/Framework_dossier_start/starter_kit_laravel/vendor/symfony/console/Application.php(356): Symfony/Component/Console/Application->doRunCommand(Object(Illuminate/Queue/Console/WorkCommand), Object(Symfony/Component/Console/Input/ArgvInput), Object(Symfony/Component/Console/Output/ConsoleOutput))
#33 D:/HOPES/Framework_dossier_start/starter_kit_laravel/vendor/symfony/console/Application.php(195): Symfony/Component/Console/Application->doRun(Object(Symfony/Component/Console/Input/ArgvInput), Object(Symfony/Component/Console/Output/ConsoleOutput))
#34 D:/HOPES/Framework_dossier_start/starter_kit_laravel/vendor/laravel/framework/src/Illuminate/Foundation/Console/Kernel.php(198): Symfony/Component/Console/Application->run(Object(Symfony/Component/Console/Input/ArgvInput), Object(Symfony/Component/Console/Output/ConsoleOutput))
#35 D:/HOPES/Framework_dossier_start/starter_kit_laravel/vendor/laravel/framework/src/Illuminate/Foundation/Application.php(1235): Illuminate/Foundation/Console/Kernel->handle(Object(Symfony/Component/Console/Input/ArgvInput), Object(Symfony/Component/Console/Output/ConsoleOutput))
#36 D:/HOPES/Framework_dossier_start/starter_kit_laravel/artisan(16): Illuminate/Foundation/Application->handleCommand(Object(Symfony/Component/Console/Input/ArgvInput))
#37 {main}
"} 
[2026-04-14 06:37:08] local.ERROR: Command "otpimize" is not defined.

Did you mean one of these?
    optimize
    optimize:clear {"exception":"[object] (Symfony\\Component\\Console\\Exception\\CommandNotFoundException(code: 0): Command \"otpimize\" is not defined.

Did you mean one of these?
    optimize
    optimize:clear at D:/HOPES/Framework_dossier_start/starter_kit_laravel/vendor/symfony/console/Application.php:749)
[stacktrace]
#0 D:/HOPES/Framework_dossier_start/starter_kit_laravel/vendor/symfony/console/Application.php(298): Symfony/Component/Console/Application->find('otpimize')
#1 D:/HOPES/Framework_dossier_start/starter_kit_laravel/vendor/symfony/console/Application.php(195): Symfony/Component/Console/Application->doRun(Object(Symfony/Component/Console/Input/ArgvInput), Object(Symfony/Component/Console/Output/ConsoleOutput))
#2 D:/HOPES/Framework_dossier_start/starter_kit_laravel/vendor/laravel/framework/src/Illuminate/Foundation/Console/Kernel.php(198): Symfony/Component/Console/Application->run(Object(Symfony/Component/Console/Input/ArgvInput), Object(Symfony/Component/Console/Output/ConsoleOutput))
#3 D:/HOPES/Framework_dossier_start/starter_kit_laravel/vendor/laravel/framework/src/Illuminate/Foundation/Application.php(1235): Illuminate/Foundation/Console/Kernel->handle(Object(Symfony/Component/Console/Input/ArgvInput), Object(Symfony/Component/Console/Output/ConsoleOutput))
#4 D:/HOPES/Framework_dossier_start/starter_kit_laravel/artisan(16): Illuminate/Foundation/Application->handleCommand(Object(Symfony/Component/Console/Input/ArgvInput))
#5 {main}
"} 
[2026-04-14 06:37:12] local.ERROR: SQLSTATE[HY000] [2002] Aucune connexion n’a pu être établie car l’ordinateur cible l’a expressément refusée (Connection: mysql, Host: 127.0.0.1, Port: 3306, Database: db, SQL: select * from `cache` where `key` in (laravel-cache-illuminate:queue:paused:database:default)) {"exception":"[object] (Illuminate\\Database\\QueryException(code: 2002): SQLSTATE[HY000] [2002] Aucune connexion n’a pu être établie car l’ordinateur cible l’a expressément refusée (Connection: mysql, Host: 127.0.0.1, Port: 3306, Database: db, SQL: select * from `cache` where `key` in (laravel-cache-illuminate:queue:paused:database:default)) at D:/HOPES/Framework_dossier_start/starter_kit_laravel/vendor/laravel/framework/src/Illuminate/Database/Connection.php:841)
[stacktrace]
#0 D:/HOPES/Framework_dossier_start/starter_kit_laravel/vendor/laravel/framework/src/Illuminate/Database/Connection.php(797): Illuminate/Database/Connection->runQueryCallback('select * from `...', Array, Object(Closure))
#1 D:/HOPES/Framework_dossier_start/starter_kit_laravel/vendor/laravel/framework/src/Illuminate/Database/Connection.php(412): Illuminate/Database/Connection->run('select * from `...', Array, Object(Closure))
#2 D:/HOPES/Framework_dossier_start/starter_kit_laravel/vendor/laravel/framework/src/Illuminate/Database/Query/Builder.php(3562): Illuminate/Database/Connection->select('select * from `...', Array, true, Array)
#3 D:/HOPES/Framework_dossier_start/starter_kit_laravel/vendor/laravel/framework/src/Illuminate/Database/Query/Builder.php(3546): Illuminate/Database/Query/Builder->runSelect()
#4 D:/HOPES/Framework_dossier_start/starter_kit_laravel/vendor/laravel/framework/src/Illuminate/Cache/DatabaseStore.php(142): Illuminate/Database/Query/Builder->get()
#5 D:/HOPES/Framework_dossier_start/starter_kit_laravel/vendor/laravel/framework/src/Illuminate/Cache/DatabaseStore.php(117): Illuminate/Cache/DatabaseStore->many(Array)
#6 D:/HOPES/Framework_dossier_start/starter_kit_laravel/vendor/laravel/framework/src/Illuminate/Cache/Repository.php(124): Illuminate/Cache/DatabaseStore->get('illuminate:queu...')
#7 D:/HOPES/Framework_dossier_start/starter_kit_laravel/vendor/laravel/framework/src/Illuminate/Queue/QueueManager.php(284): Illuminate/Cache/Repository->get('illuminate:queu...', false)
#8 D:/HOPES/Framework_dossier_start/starter_kit_laravel/vendor/laravel/framework/src/Illuminate/Queue/Worker.php(436): Illuminate/Queue/QueueManager->isPaused('database', 'default')
#9 D:/HOPES/Framework_dossier_start/starter_kit_laravel/vendor/laravel/framework/src/Illuminate/Queue/Worker.php(404): Illuminate/Queue/Worker->queuePaused('database', 'default')
#10 D:/HOPES/Framework_dossier_start/starter_kit_laravel/vendor/laravel/framework/src/Illuminate/Queue/Worker.php(365): Illuminate/Queue/Worker->getNextJob(Object(Illuminate/Queue/DatabaseQueue), 'default')
#11 D:/HOPES/Framework_dossier_start/starter_kit_laravel/vendor/laravel/framework/src/Illuminate/Queue/Console/WorkCommand.php(148): Illuminate/Queue/Worker->runNextJob('database', 'default', Object(Illuminate/Queue/WorkerOptions))
#12 D:/HOPES/Framework_dossier_start/starter_kit_laravel/vendor/laravel/framework/src/Illuminate/Queue/Console/WorkCommand.php(131): Illuminate/Queue/Console/WorkCommand->runWorker('database', 'default')
#13 D:/HOPES/Framework_dossier_start/starter_kit_laravel/vendor/laravel/framework/src/Illuminate/Container/BoundMethod.php(36): Illuminate/Queue/Console/WorkCommand->handle()
#14 D:/HOPES/Framework_dossier_start/starter_kit_laravel/vendor/laravel/framework/src/Illuminate/Container/Util.php(43): Illuminate/Container/BoundMethod::{closure:Illuminate/Container/BoundMethod::call():35}()
#15 D:/HOPES/Framework_dossier_start/starter_kit_laravel/vendor/laravel/framework/src/Illuminate/Container/BoundMethod.php(96): Illuminate/Container/Util::unwrapIfClosure(Object(Closure))
#16 D:/HOPES/Framework_dossier_start/starter_kit_laravel/vendor/laravel/framework/src/Illuminate/Container/BoundMethod.php(35): Illuminate/Container/BoundMethod::callBoundMethod(Object(Illuminate/Foundation/Application), Array, Object(Closure))
#17 D:/HOPES/Framework_dossier_start/starter_kit_laravel/vendor/laravel/framework/src/Illuminate/Container/Container.php(799): Illuminate/Container/BoundMethod::call(Object(Illuminate/Foundation/Application), Array, Array, NULL)
#18 D:/HOPES/Framework_dossier_start/starter_kit_laravel/vendor/laravel/framework/src/Illuminate/Console/Command.php(280): Illuminate/Container/Container->call(Array)
#19 D:/HOPES/Framework_dossier_start/starter_kit_laravel/vendor/symfony/console/Command/Command.php(291): Illuminate/Console/Command->execute(Object(Symfony/Component/Console/Input/ArgvInput), Object(Illuminate/Console/OutputStyle))
#20 D:/HOPES/Framework_dossier_start/starter_kit_laravel/vendor/laravel/framework/src/Illuminate/Console/Command.php(249): Symfony/Component/Console/Command/Command->run(Object(Symfony/Component/Console/Input/ArgvInput), Object(Illuminate/Console/OutputStyle))
#21 D:/HOPES/Framework_dossier_start/starter_kit_laravel/vendor/symfony/console/Application.php(1107): Illuminate/Console/Command->run(Object(Symfony/Component/Console/Input/ArgvInput), Object(Symfony/Component/Console/Output/ConsoleOutput))
#22 D:/HOPES/Framework_dossier_start/starter_kit_laravel/vendor/symfony/console/Application.php(356): Symfony/Component/Console/Application->doRunCommand(Object(Illuminate/Queue/Console/WorkCommand), Object(Symfony/Component/Console/Input/ArgvInput), Object(Symfony/Component/Console/Output/ConsoleOutput))
#23 D:/HOPES/Framework_dossier_start/starter_kit_laravel/vendor/symfony/console/Application.php(195): Symfony/Component/Console/Application->doRun(Object(Symfony/Component/Console/Input/ArgvInput), Object(Symfony/Component/Console/Output/ConsoleOutput))
#24 D:/HOPES/Framework_dossier_start/starter_kit_laravel/vendor/laravel/framework/src/Illuminate/Foundation/Console/Kernel.php(198): Symfony/Component/Console/Application->run(Object(Symfony/Component/Console/Input/ArgvInput), Object(Symfony/Component/Console/Output/ConsoleOutput))
#25 D:/HOPES/Framework_dossier_start/starter_kit_laravel/vendor/laravel/framework/src/Illuminate/Foundation/Application.php(1235): Illuminate/Foundation/Console/Kernel->handle(Object(Symfony/Component/Console/Input/ArgvInput), Object(Symfony/Component/Console/Output/ConsoleOutput))
#26 D:/HOPES/Framework_dossier_start/starter_kit_laravel/artisan(16): Illuminate/Foundation/Application->handleCommand(Object(Symfony/Component/Console/Input/ArgvInput))
#27 {main}

[previous exception] [object] (PDOException(code: 2002): SQLSTATE[HY000] [2002] Aucune connexion n’a pu être établie car l’ordinateur cible l’a expressément refusée at D:/HOPES/Framework_dossier_start/starter_kit_laravel/vendor/laravel/framework/src/Illuminate/Database/Connectors/Connector.php:67)
[stacktrace]
#0 D:/HOPES/Framework_dossier_start/starter_kit_laravel/vendor/laravel/framework/src/Illuminate/Database/Connectors/Connector.php(67): PDO::connect('mysql:host=127....', 'root', Object(SensitiveParameterValue), Array)
#1 D:/HOPES/Framework_dossier_start/starter_kit_laravel/vendor/laravel/framework/src/Illuminate/Database/Connectors/Connector.php(44): Illuminate/Database/Connectors/Connector->createPdoConnection('mysql:host=127....', 'root', Object(SensitiveParameterValue), Array)
#2 D:/HOPES/Framework_dossier_start/starter_kit_laravel/vendor/laravel/framework/src/Illuminate/Database/Connectors/MySqlConnector.php(24): Illuminate/Database/Connectors/Connector->createConnection('mysql:host=127....', Array, Array)
#3 D:/HOPES/Framework_dossier_start/starter_kit_laravel/vendor/laravel/framework/src/Illuminate/Database/Connectors/ConnectionFactory.php(186): Illuminate/Database/Connectors/MySqlConnector->connect(Array)
#4 [internal function]: Illuminate/Database/Connectors/ConnectionFactory->{closure:Illuminate/Database/Connectors/ConnectionFactory::createPdoResolverWithHosts():181}()
#5 D:/HOPES/Framework_dossier_start/starter_kit_laravel/vendor/laravel/framework/src/Illuminate/Database/Connection.php(1279): call_user_func(Object(Closure))
#6 D:/HOPES/Framework_dossier_start/starter_kit_laravel/vendor/laravel/framework/src/Illuminate/Database/Connection.php(1317): Illuminate/Database/Connection->getPdo()
#7 D:/HOPES/Framework_dossier_start/starter_kit_laravel/vendor/laravel/framework/src/Illuminate/Database/Connection.php(528): Illuminate/Database/Connection->getReadPdo()
#8 D:/HOPES/Framework_dossier_start/starter_kit_laravel/vendor/laravel/framework/src/Illuminate/Database/Connection.php(421): Illuminate/Database/Connection->getPdoForSelect(true)
#9 D:/HOPES/Framework_dossier_start/starter_kit_laravel/vendor/laravel/framework/src/Illuminate/Database/Connection.php(830): Illuminate/Database/Connection->{closure:Illuminate/Database/Connection::select():412}('select * from `...', Array)
#10 D:/HOPES/Framework_dossier_start/starter_kit_laravel/vendor/laravel/framework/src/Illuminate/Database/Connection.php(797): Illuminate/Database/Connection->runQueryCallback('select * from `...', Array, Object(Closure))
#11 D:/HOPES/Framework_dossier_start/starter_kit_laravel/vendor/laravel/framework/src/Illuminate/Database/Connection.php(412): Illuminate/Database/Connection->run('select * from `...', Array, Object(Closure))
#12 D:/HOPES/Framework_dossier_start/starter_kit_laravel/vendor/laravel/framework/src/Illuminate/Database/Query/Builder.php(3562): Illuminate/Database/Connection->select('select * from `...', Array, true, Array)
#13 D:/HOPES/Framework_dossier_start/starter_kit_laravel/vendor/laravel/framework/src/Illuminate/Database/Query/Builder.php(3546): Illuminate/Database/Query/Builder->runSelect()
#14 D:/HOPES/Framework_dossier_start/starter_kit_laravel/vendor/laravel/framework/src/Illuminate/Cache/DatabaseStore.php(142): Illuminate/Database/Query/Builder->get()
#15 D:/HOPES/Framework_dossier_start/starter_kit_laravel/vendor/laravel/framework/src/Illuminate/Cache/DatabaseStore.php(117): Illuminate/Cache/DatabaseStore->many(Array)
#16 D:/HOPES/Framework_dossier_start/starter_kit_laravel/vendor/laravel/framework/src/Illuminate/Cache/Repository.php(124): Illuminate/Cache/DatabaseStore->get('illuminate:queu...')
#17 D:/HOPES/Framework_dossier_start/starter_kit_laravel/vendor/laravel/framework/src/Illuminate/Queue/QueueManager.php(284): Illuminate/Cache/Repository->get('illuminate:queu...', false)
#18 D:/HOPES/Framework_dossier_start/starter_kit_laravel/vendor/laravel/framework/src/Illuminate/Queue/Worker.php(436): Illuminate/Queue/QueueManager->isPaused('database', 'default')
#19 D:/HOPES/Framework_dossier_start/starter_kit_laravel/vendor/laravel/framework/src/Illuminate/Queue/Worker.php(404): Illuminate/Queue/Worker->queuePaused('database', 'default')
#20 D:/HOPES/Framework_dossier_start/starter_kit_laravel/vendor/laravel/framework/src/Illuminate/Queue/Worker.php(365): Illuminate/Queue/Worker->getNextJob(Object(Illuminate/Queue/DatabaseQueue), 'default')
#21 D:/HOPES/Framework_dossier_start/starter_kit_laravel/vendor/laravel/framework/src/Illuminate/Queue/Console/WorkCommand.php(148): Illuminate/Queue/Worker->runNextJob('database', 'default', Object(Illuminate/Queue/WorkerOptions))
#22 D:/HOPES/Framework_dossier_start/starter_kit_laravel/vendor/laravel/framework/src/Illuminate/Queue/Console/WorkCommand.php(131): Illuminate/Queue/Console/WorkCommand->runWorker('database', 'default')
#23 D:/HOPES/Framework_dossier_start/starter_kit_laravel/vendor/laravel/framework/src/Illuminate/Container/BoundMethod.php(36): Illuminate/Queue/Console/WorkCommand->handle()
#24 D:/HOPES/Framework_dossier_start/starter_kit_laravel/vendor/laravel/framework/src/Illuminate/Container/Util.php(43): Illuminate/Container/BoundMethod::{closure:Illuminate/Container/BoundMethod::call():35}()
#25 D:/HOPES/Framework_dossier_start/starter_kit_laravel/vendor/laravel/framework/src/Illuminate/Container/BoundMethod.php(96): Illuminate/Container/Util::unwrapIfClosure(Object(Closure))
#26 D:/HOPES/Framework_dossier_start/starter_kit_laravel/vendor/laravel/framework/src/Illuminate/Container/BoundMethod.php(35): Illuminate/Container/BoundMethod::callBoundMethod(Object(Illuminate/Foundation/Application), Array, Object(Closure))
#27 D:/HOPES/Framework_dossier_start/starter_kit_laravel/vendor/laravel/framework/src/Illuminate/Container/Container.php(799): Illuminate/Container/BoundMethod::call(Object(Illuminate/Foundation/Application), Array, Array, NULL)
#28 D:/HOPES/Framework_dossier_start/starter_kit_laravel/vendor/laravel/framework/src/Illuminate/Console/Command.php(280): Illuminate/Container/Container->call(Array)
#29 D:/HOPES/Framework_dossier_start/starter_kit_laravel/vendor/symfony/console/Command/Command.php(291): Illuminate/Console/Command->execute(Object(Symfony/Component/Console/Input/ArgvInput), Object(Illuminate/Console/OutputStyle))
#30 D:/HOPES/Framework_dossier_start/starter_kit_laravel/vendor/laravel/framework/src/Illuminate/Console/Command.php(249): Symfony/Component/Console/Command/Command->run(Object(Symfony/Component/Console/Input/ArgvInput), Object(Illuminate/Console/OutputStyle))
#31 D:/HOPES/Framework_dossier_start/starter_kit_laravel/vendor/symfony/console/Application.php(1107): Illuminate/Console/Command->run(Object(Symfony/Component/Console/Input/ArgvInput), Object(Symfony/Component/Console/Output/ConsoleOutput))
#32 D:/HOPES/Framework_dossier_start/starter_kit_laravel/vendor/symfony/console/Application.php(356): Symfony/Component/Console/Application->doRunCommand(Object(Illuminate/Queue/Console/WorkCommand), Object(Symfony/Component/Console/Input/ArgvInput), Object(Symfony/Component/Console/Output/ConsoleOutput))
#33 D:/HOPES/Framework_dossier_start/starter_kit_laravel/vendor/symfony/console/Application.php(195): Symfony/Component/Console/Application->doRun(Object(Symfony/Component/Console/Input/ArgvInput), Object(Symfony/Component/Console/Output/ConsoleOutput))
#34 D:/HOPES/Framework_dossier_start/starter_kit_laravel/vendor/laravel/framework/src/Illuminate/Foundation/Console/Kernel.php(198): Symfony/Component/Console/Application->run(Object(Symfony/Component/Console/Input/ArgvInput), Object(Symfony/Component/Console/Output/ConsoleOutput))
#35 D:/HOPES/Framework_dossier_start/starter_kit_laravel/vendor/laravel/framework/src/Illuminate/Foundation/Application.php(1235): Illuminate/Foundation/Console/Kernel->handle(Object(Symfony/Component/Console/Input/ArgvInput), Object(Symfony/Component/Console/Output/ConsoleOutput))
#36 D:/HOPES/Framework_dossier_start/starter_kit_laravel/artisan(16): Illuminate/Foundation/Application->handleCommand(Object(Symfony/Component/Console/Input/ArgvInput))
#37 {main}
"} 
[2026-04-14 06:37:19] local.ERROR: SQLSTATE[HY000] [2002] Aucune connexion n’a pu être établie car l’ordinateur cible l’a expressément refusée (Connection: mysql, Host: 127.0.0.1, Port: 3306, Database: db, SQL: select * from `cache` where `key` in (laravel-cache-illuminate:queue:paused:database:default)) {"exception":"[object] (Illuminate\\Database\\QueryException(code: 2002): SQLSTATE[HY000] [2002] Aucune connexion n’a pu être établie car l’ordinateur cible l’a expressément refusée (Connection: mysql, Host: 127.0.0.1, Port: 3306, Database: db, SQL: select * from `cache` where `key` in (laravel-cache-illuminate:queue:paused:database:default)) at D:/HOPES/Framework_dossier_start/starter_kit_laravel/vendor/laravel/framework/src/Illuminate/Database/Connection.php:841)
[stacktrace]
#0 D:/HOPES/Framework_dossier_start/starter_kit_laravel/vendor/laravel/framework/src/Illuminate/Database/Connection.php(797): Illuminate/Database/Connection->runQueryCallback('select * from `...', Array, Object(Closure))
#1 D:/HOPES/Framework_dossier_start/starter_kit_laravel/vendor/laravel/framework/src/Illuminate/Database/Connection.php(412): Illuminate/Database/Connection->run('select * from `...', Array, Object(Closure))
#2 D:/HOPES/Framework_dossier_start/starter_kit_laravel/vendor/laravel/framework/src/Illuminate/Database/Query/Builder.php(3562): Illuminate/Database/Connection->select('select * from `...', Array, true, Array)
#3 D:/HOPES/Framework_dossier_start/starter_kit_laravel/vendor/laravel/framework/src/Illuminate/Database/Query/Builder.php(3546): Illuminate/Database/Query/Builder->runSelect()
#4 D:/HOPES/Framework_dossier_start/starter_kit_laravel/vendor/laravel/framework/src/Illuminate/Cache/DatabaseStore.php(142): Illuminate/Database/Query/Builder->get()
#5 D:/HOPES/Framework_dossier_start/starter_kit_laravel/vendor/laravel/framework/src/Illuminate/Cache/DatabaseStore.php(117): Illuminate/Cache/DatabaseStore->many(Array)
#6 D:/HOPES/Framework_dossier_start/starter_kit_laravel/vendor/laravel/framework/src/Illuminate/Cache/Repository.php(124): Illuminate/Cache/DatabaseStore->get('illuminate:queu...')
#7 D:/HOPES/Framework_dossier_start/starter_kit_laravel/vendor/laravel/framework/src/Illuminate/Queue/QueueManager.php(284): Illuminate/Cache/Repository->get('illuminate:queu...', false)
#8 D:/HOPES/Framework_dossier_start/starter_kit_laravel/vendor/laravel/framework/src/Illuminate/Queue/Worker.php(436): Illuminate/Queue/QueueManager->isPaused('database', 'default')
#9 D:/HOPES/Framework_dossier_start/starter_kit_laravel/vendor/laravel/framework/src/Illuminate/Queue/Worker.php(404): Illuminate/Queue/Worker->queuePaused('database', 'default')
#10 D:/HOPES/Framework_dossier_start/starter_kit_laravel/vendor/laravel/framework/src/Illuminate/Queue/Worker.php(365): Illuminate/Queue/Worker->getNextJob(Object(Illuminate/Queue/DatabaseQueue), 'default')
#11 D:/HOPES/Framework_dossier_start/starter_kit_laravel/vendor/laravel/framework/src/Illuminate/Queue/Console/WorkCommand.php(148): Illuminate/Queue/Worker->runNextJob('database', 'default', Object(Illuminate/Queue/WorkerOptions))
#12 D:/HOPES/Framework_dossier_start/starter_kit_laravel/vendor/laravel/framework/src/Illuminate/Queue/Console/WorkCommand.php(131): Illuminate/Queue/Console/WorkCommand->runWorker('database', 'default')
#13 D:/HOPES/Framework_dossier_start/starter_kit_laravel/vendor/laravel/framework/src/Illuminate/Container/BoundMethod.php(36): Illuminate/Queue/Console/WorkCommand->handle()
#14 D:/HOPES/Framework_dossier_start/starter_kit_laravel/vendor/laravel/framework/src/Illuminate/Container/Util.php(43): Illuminate/Container/BoundMethod::{closure:Illuminate/Container/BoundMethod::call():35}()
#15 D:/HOPES/Framework_dossier_start/starter_kit_laravel/vendor/laravel/framework/src/Illuminate/Container/BoundMethod.php(96): Illuminate/Container/Util::unwrapIfClosure(Object(Closure))
#16 D:/HOPES/Framework_dossier_start/starter_kit_laravel/vendor/laravel/framework/src/Illuminate/Container/BoundMethod.php(35): Illuminate/Container/BoundMethod::callBoundMethod(Object(Illuminate/Foundation/Application), Array, Object(Closure))
#17 D:/HOPES/Framework_dossier_start/starter_kit_laravel/vendor/laravel/framework/src/Illuminate/Container/Container.php(799): Illuminate/Container/BoundMethod::call(Object(Illuminate/Foundation/Application), Array, Array, NULL)
#18 D:/HOPES/Framework_dossier_start/starter_kit_laravel/vendor/laravel/framework/src/Illuminate/Console/Command.php(280): Illuminate/Container/Container->call(Array)
#19 D:/HOPES/Framework_dossier_start/starter_kit_laravel/vendor/symfony/console/Command/Command.php(291): Illuminate/Console/Command->execute(Object(Symfony/Component/Console/Input/ArgvInput), Object(Illuminate/Console/OutputStyle))
#20 D:/HOPES/Framework_dossier_start/starter_kit_laravel/vendor/laravel/framework/src/Illuminate/Console/Command.php(249): Symfony/Component/Console/Command/Command->run(Object(Symfony/Component/Console/Input/ArgvInput), Object(Illuminate/Console/OutputStyle))
#21 D:/HOPES/Framework_dossier_start/starter_kit_laravel/vendor/symfony/console/Application.php(1107): Illuminate/Console/Command->run(Object(Symfony/Component/Console/Input/ArgvInput), Object(Symfony/Component/Console/Output/ConsoleOutput))
#22 D:/HOPES/Framework_dossier_start/starter_kit_laravel/vendor/symfony/console/Application.php(356): Symfony/Component/Console/Application->doRunCommand(Object(Illuminate/Queue/Console/WorkCommand), Object(Symfony/Component/Console/Input/ArgvInput), Object(Symfony/Component/Console/Output/ConsoleOutput))
#23 D:/HOPES/Framework_dossier_start/starter_kit_laravel/vendor/symfony/console/Application.php(195): Symfony/Component/Console/Application->doRun(Object(Symfony/Component/Console/Input/ArgvInput), Object(Symfony/Component/Console/Output/ConsoleOutput))
#24 D:/HOPES/Framework_dossier_start/starter_kit_laravel/vendor/laravel/framework/src/Illuminate/Foundation/Console/Kernel.php(198): Symfony/Component/Console/Application->run(Object(Symfony/Component/Console/Input/ArgvInput), Object(Symfony/Component/Console/Output/ConsoleOutput))
#25 D:/HOPES/Framework_dossier_start/starter_kit_laravel/vendor/laravel/framework/src/Illuminate/Foundation/Application.php(1235): Illuminate/Foundation/Console/Kernel->handle(Object(Symfony/Component/Console/Input/ArgvInput), Object(Symfony/Component/Console/Output/ConsoleOutput))
#26 D:/HOPES/Framework_dossier_start/starter_kit_laravel/artisan(16): Illuminate/Foundation/Application->handleCommand(Object(Symfony/Component/Console/Input/ArgvInput))
#27 {main}

[previous exception] [object] (PDOException(code: 2002): SQLSTATE[HY000] [2002] Aucune connexion n’a pu être établie car l’ordinateur cible l’a expressément refusée at D:/HOPES/Framework_dossier_start/starter_kit_laravel/vendor/laravel/framework/src/Illuminate/Database/Connectors/Connector.php:67)
[stacktrace]
#0 D:/HOPES/Framework_dossier_start/starter_kit_laravel/vendor/laravel/framework/src/Illuminate/Database/Connectors/Connector.php(67): PDO::connect('mysql:host=127....', 'root', Object(SensitiveParameterValue), Array)
#1 D:/HOPES/Framework_dossier_start/starter_kit_laravel/vendor/laravel/framework/src/Illuminate/Database/Connectors/Connector.php(44): Illuminate/Database/Connectors/Connector->createPdoConnection('mysql:host=127....', 'root', Object(SensitiveParameterValue), Array)
#2 D:/HOPES/Framework_dossier_start/starter_kit_laravel/vendor/laravel/framework/src/Illuminate/Database/Connectors/MySqlConnector.php(24): Illuminate/Database/Connectors/Connector->createConnection('mysql:host=127....', Array, Array)
#3 D:/HOPES/Framework_dossier_start/starter_kit_laravel/vendor/laravel/framework/src/Illuminate/Database/Connectors/ConnectionFactory.php(186): Illuminate/Database/Connectors/MySqlConnector->connect(Array)
#4 [internal function]: Illuminate/Database/Connectors/ConnectionFactory->{closure:Illuminate/Database/Connectors/ConnectionFactory::createPdoResolverWithHosts():181}()
#5 D:/HOPES/Framework_dossier_start/starter_kit_laravel/vendor/laravel/framework/src/Illuminate/Database/Connection.php(1279): call_user_func(Object(Closure))
#6 D:/HOPES/Framework_dossier_start/starter_kit_laravel/vendor/laravel/framework/src/Illuminate/Database/Connection.php(1317): Illuminate/Database/Connection->getPdo()
#7 D:/HOPES/Framework_dossier_start/starter_kit_laravel/vendor/laravel/framework/src/Illuminate/Database/Connection.php(528): Illuminate/Database/Connection->getReadPdo()
#8 D:/HOPES/Framework_dossier_start/starter_kit_laravel/vendor/laravel/framework/src/Illuminate/Database/Connection.php(421): Illuminate/Database/Connection->getPdoForSelect(true)
#9 D:/HOPES/Framework_dossier_start/starter_kit_laravel/vendor/laravel/framework/src/Illuminate/Database/Connection.php(830): Illuminate/Database/Connection->{closure:Illuminate/Database/Connection::select():412}('select * from `...', Array)
#10 D:/HOPES/Framework_dossier_start/starter_kit_laravel/vendor/laravel/framework/src/Illuminate/Database/Connection.php(797): Illuminate/Database/Connection->runQueryCallback('select * from `...', Array, Object(Closure))
#11 D:/HOPES/Framework_dossier_start/starter_kit_laravel/vendor/laravel/framework/src/Illuminate/Database/Connection.php(412): Illuminate/Database/Connection->run('select * from `...', Array, Object(Closure))
#12 D:/HOPES/Framework_dossier_start/starter_kit_laravel/vendor/laravel/framework/src/Illuminate/Database/Query/Builder.php(3562): Illuminate/Database/Connection->select('select * from `...', Array, true, Array)
#13 D:/HOPES/Framework_dossier_start/starter_kit_laravel/vendor/laravel/framework/src/Illuminate/Database/Query/Builder.php(3546): Illuminate/Database/Query/Builder->runSelect()
#14 D:/HOPES/Framework_dossier_start/starter_kit_laravel/vendor/laravel/framework/src/Illuminate/Cache/DatabaseStore.php(142): Illuminate/Database/Query/Builder->get()
#15 D:/HOPES/Framework_dossier_start/starter_kit_laravel/vendor/laravel/framework/src/Illuminate/Cache/DatabaseStore.php(117): Illuminate/Cache/DatabaseStore->many(Array)
#16 D:/HOPES/Framework_dossier_start/starter_kit_laravel/vendor/laravel/framework/src/Illuminate/Cache/Repository.php(124): Illuminate/Cache/DatabaseStore->get('illuminate:queu...')
#17 D:/HOPES/Framework_dossier_start/starter_kit_laravel/vendor/laravel/framework/src/Illuminate/Queue/QueueManager.php(284): Illuminate/Cache/Repository->get('illuminate:queu...', false)
#18 D:/HOPES/Framework_dossier_start/starter_kit_laravel/vendor/laravel/framework/src/Illuminate/Queue/Worker.php(436): Illuminate/Queue/QueueManager->isPaused('database', 'default')
#19 D:/HOPES/Framework_dossier_start/starter_kit_laravel/vendor/laravel/framework/src/Illuminate/Queue/Worker.php(404): Illuminate/Queue/Worker->queuePaused('database', 'default')
#20 D:/HOPES/Framework_dossier_start/starter_kit_laravel/vendor/laravel/framework/src/Illuminate/Queue/Worker.php(365): Illuminate/Queue/Worker->getNextJob(Object(Illuminate/Queue/DatabaseQueue), 'default')
#21 D:/HOPES/Framework_dossier_start/starter_kit_laravel/vendor/laravel/framework/src/Illuminate/Queue/Console/WorkCommand.php(148): Illuminate/Queue/Worker->runNextJob('database', 'default', Object(Illuminate/Queue/WorkerOptions))
#22 D:/HOPES/Framework_dossier_start/starter_kit_laravel/vendor/laravel/framework/src/Illuminate/Queue/Console/WorkCommand.php(131): Illuminate/Queue/Console/WorkCommand->runWorker('database', 'default')
#23 D:/HOPES/Framework_dossier_start/starter_kit_laravel/vendor/laravel/framework/src/Illuminate/Container/BoundMethod.php(36): Illuminate/Queue/Console/WorkCommand->handle()
#24 D:/HOPES/Framework_dossier_start/starter_kit_laravel/vendor/laravel/framework/src/Illuminate/Container/Util.php(43): Illuminate/Container/BoundMethod::{closure:Illuminate/Container/BoundMethod::call():35}()
#25 D:/HOPES/Framework_dossier_start/starter_kit_laravel/vendor/laravel/framework/src/Illuminate/Container/BoundMethod.php(96): Illuminate/Container/Util::unwrapIfClosure(Object(Closure))
#26 D:/HOPES/Framework_dossier_start/starter_kit_laravel/vendor/laravel/framework/src/Illuminate/Container/BoundMethod.php(35): Illuminate/Container/BoundMethod::callBoundMethod(Object(Illuminate/Foundation/Application), Array, Object(Closure))
#27 D:/HOPES/Framework_dossier_start/starter_kit_laravel/vendor/laravel/framework/src/Illuminate/Container/Container.php(799): Illuminate/Container/BoundMethod::call(Object(Illuminate/Foundation/Application), Array, Array, NULL)
#28 D:/HOPES/Framework_dossier_start/starter_kit_laravel/vendor/laravel/framework/src/Illuminate/Console/Command.php(280): Illuminate/Container/Container->call(Array)
#29 D:/HOPES/Framework_dossier_start/starter_kit_laravel/vendor/symfony/console/Command/Command.php(291): Illuminate/Console/Command->execute(Object(Symfony/Component/Console/Input/ArgvInput), Object(Illuminate/Console/OutputStyle))
#30 D:/HOPES/Framework_dossier_start/starter_kit_laravel/vendor/laravel/framework/src/Illuminate/Console/Command.php(249): Symfony/Component/Console/Command/Command->run(Object(Symfony/Component/Console/Input/ArgvInput), Object(Illuminate/Console/OutputStyle))
#31 D:/HOPES/Framework_dossier_start/starter_kit_laravel/vendor/symfony/console/Application.php(1107): Illuminate/Console/Command->run(Object(Symfony/Component/Console/Input/ArgvInput), Object(Symfony/Component/Console/Output/ConsoleOutput))
#32 D:/HOPES/Framework_dossier_start/starter_kit_laravel/vendor/symfony/console/Application.php(356): Symfony/Component/Console/Application->doRunCommand(Object(Illuminate/Queue/Console/WorkCommand), Object(Symfony/Component/Console/Input/ArgvInput), Object(Symfony/Component/Console/Output/ConsoleOutput))
#33 D:/HOPES/Framework_dossier_start/starter_kit_laravel/vendor/symfony/console/Application.php(195): Symfony/Component/Console/Application->doRun(Object(Symfony/Component/Console/Input/ArgvInput), Object(Symfony/Component/Console/Output/ConsoleOutput))
#34 D:/HOPES/Framework_dossier_start/starter_kit_laravel/vendor/laravel/framework/src/Illuminate/Foundation/Console/Kernel.php(198): Symfony/Component/Console/Application->run(Object(Symfony/Component/Console/Input/ArgvInput), Object(Symfony/Component/Console/Output/ConsoleOutput))
#35 D:/HOPES/Framework_dossier_start/starter_kit_laravel/vendor/laravel/framework/src/Illuminate/Foundation/Application.php(1235): Illuminate/Foundation/Console/Kernel->handle(Object(Symfony/Component/Console/Input/ArgvInput), Object(Symfony/Component/Console/Output/ConsoleOutput))
#36 D:/HOPES/Framework_dossier_start/starter_kit_laravel/artisan(16): Illuminate/Foundation/Application->handleCommand(Object(Symfony/Component/Console/Input/ArgvInput))
#37 {main}
"} 
[2026-04-14 06:37:21] local.ERROR: The "D:\HOPES\Framework_dossier_start\laravel\app\resources\views" directory does not exist. {"exception":"[object] (Symfony\\Component\\Finder\\Exception\\DirectoryNotFoundException(code: 0): The \"D:\\HOPES\\Framework_dossier_start\\laravel\\app\\resources\\views\" directory does not exist. at D:/HOPES/Framework_dossier_start/starter_kit_laravel/vendor/symfony/finder/Finder.php:648)
[stacktrace]
#0 D:/HOPES/Framework_dossier_start/starter_kit_laravel/vendor/laravel/framework/src/Illuminate/Foundation/Console/ViewCacheCommand.php(88): Symfony/Component/Finder/Finder->in(Array)
#1 D:/HOPES/Framework_dossier_start/starter_kit_laravel/vendor/laravel/framework/src/Illuminate/Foundation/Console/ViewCacheCommand.php(43): Illuminate/Foundation/Console/ViewCacheCommand->bladeFilesIn(Array)
#2 D:/HOPES/Framework_dossier_start/starter_kit_laravel/vendor/laravel/framework/src/Illuminate/Collections/Traits/EnumeratesValues.php(275): Illuminate/Foundation/Console/ViewCacheCommand->{closure:Illuminate/Foundation/Console/ViewCacheCommand::handle():38}('D://HOPES//Framew...', 0)
#3 D:/HOPES/Framework_dossier_start/starter_kit_laravel/vendor/laravel/framework/src/Illuminate/Foundation/Console/ViewCacheCommand.php(38): Illuminate/Support/Collection->each(Object(Closure))
#4 D:/HOPES/Framework_dossier_start/starter_kit_laravel/vendor/laravel/framework/src/Illuminate/Container/BoundMethod.php(36): Illuminate/Foundation/Console/ViewCacheCommand->handle()
#5 D:/HOPES/Framework_dossier_start/starter_kit_laravel/vendor/laravel/framework/src/Illuminate/Container/Util.php(43): Illuminate/Container/BoundMethod::{closure:Illuminate/Container/BoundMethod::call():35}()
#6 D:/HOPES/Framework_dossier_start/starter_kit_laravel/vendor/laravel/framework/src/Illuminate/Container/BoundMethod.php(96): Illuminate/Container/Util::unwrapIfClosure(Object(Closure))
#7 D:/HOPES/Framework_dossier_start/starter_kit_laravel/vendor/laravel/framework/src/Illuminate/Container/BoundMethod.php(35): Illuminate/Container/BoundMethod::callBoundMethod(Object(Illuminate/Foundation/Application), Array, Object(Closure))
#8 D:/HOPES/Framework_dossier_start/starter_kit_laravel/vendor/laravel/framework/src/Illuminate/Container/Container.php(799): Illuminate/Container/BoundMethod::call(Object(Illuminate/Foundation/Application), Array, Array, NULL)
#9 D:/HOPES/Framework_dossier_start/starter_kit_laravel/vendor/laravel/framework/src/Illuminate/Console/Command.php(280): Illuminate/Container/Container->call(Array)
#10 D:/HOPES/Framework_dossier_start/starter_kit_laravel/vendor/symfony/console/Command/Command.php(291): Illuminate/Console/Command->execute(Object(Symfony/Component/Console/Input/ArrayInput), Object(Illuminate/Console/OutputStyle))
#11 D:/HOPES/Framework_dossier_start/starter_kit_laravel/vendor/laravel/framework/src/Illuminate/Console/Command.php(249): Symfony/Component/Console/Command/Command->run(Object(Symfony/Component/Console/Input/ArrayInput), Object(Illuminate/Console/OutputStyle))
#12 D:/HOPES/Framework_dossier_start/starter_kit_laravel/vendor/laravel/framework/src/Illuminate/Console/Concerns/CallsCommands.php(68): Illuminate/Console/Command->run(Object(Symfony/Component/Console/Input/ArrayInput), Object(Symfony/Component/Console/Output/NullOutput))
#13 D:/HOPES/Framework_dossier_start/starter_kit_laravel/vendor/laravel/framework/src/Illuminate/Console/Concerns/CallsCommands.php(41): Illuminate/Console/Command->runCommand('view:cache', Array, Object(Symfony/Component/Console/Output/NullOutput))
#14 D:/HOPES/Framework_dossier_start/starter_kit_laravel/vendor/laravel/framework/src/Illuminate/Console/Concerns/CallsCommands.php(53): Illuminate/Console/Command->callSilent('view:cache', Array)
#15 D:/HOPES/Framework_dossier_start/starter_kit_laravel/vendor/laravel/framework/src/Illuminate/Foundation/Console/OptimizeCommand.php(48): Illuminate/Console/Command->callSilently('view:cache')
#16 D:/HOPES/Framework_dossier_start/starter_kit_laravel/vendor/laravel/framework/src/Illuminate/Console/View/Components/Task.php(43): Illuminate/Foundation/Console/OptimizeCommand->{closure:Illuminate/Foundation/Console/OptimizeCommand::handle():48}()
#17 D:/HOPES/Framework_dossier_start/starter_kit_laravel/vendor/laravel/framework/src/Illuminate/Console/View/Components/Factory.php(59): Illuminate/Console/View/Components/Task->render('views', Object(Closure))
#18 D:/HOPES/Framework_dossier_start/starter_kit_laravel/vendor/laravel/framework/src/Illuminate/Foundation/Console/OptimizeCommand.php(48): Illuminate/Console/View/Components/Factory->__call('task', Array)
#19 D:/HOPES/Framework_dossier_start/starter_kit_laravel/vendor/laravel/framework/src/Illuminate/Container/BoundMethod.php(36): Illuminate/Foundation/Console/OptimizeCommand->handle()
#20 D:/HOPES/Framework_dossier_start/starter_kit_laravel/vendor/laravel/framework/src/Illuminate/Container/Util.php(43): Illuminate/Container/BoundMethod::{closure:Illuminate/Container/BoundMethod::call():35}()
#21 D:/HOPES/Framework_dossier_start/starter_kit_laravel/vendor/laravel/framework/src/Illuminate/Container/BoundMethod.php(96): Illuminate/Container/Util::unwrapIfClosure(Object(Closure))
#22 D:/HOPES/Framework_dossier_start/starter_kit_laravel/vendor/laravel/framework/src/Illuminate/Container/BoundMethod.php(35): Illuminate/Container/BoundMethod::callBoundMethod(Object(Illuminate/Foundation/Application), Array, Object(Closure))
#23 D:/HOPES/Framework_dossier_start/starter_kit_laravel/vendor/laravel/framework/src/Illuminate/Container/Container.php(799): Illuminate/Container/BoundMethod::call(Object(Illuminate/Foundation/Application), Array, Array, NULL)
#24 D:/HOPES/Framework_dossier_start/starter_kit_laravel/vendor/laravel/framework/src/Illuminate/Console/Command.php(280): Illuminate/Container/Container->call(Array)
#25 D:/HOPES/Framework_dossier_start/starter_kit_laravel/vendor/symfony/console/Command/Command.php(291): Illuminate/Console/Command->execute(Object(Symfony/Component/Console/Input/ArgvInput), Object(Illuminate/Console/OutputStyle))
#26 D:/HOPES/Framework_dossier_start/starter_kit_laravel/vendor/laravel/framework/src/Illuminate/Console/Command.php(249): Symfony/Component/Console/Command/Command->run(Object(Symfony/Component/Console/Input/ArgvInput), Object(Illuminate/Console/OutputStyle))
#27 D:/HOPES/Framework_dossier_start/starter_kit_laravel/vendor/symfony/console/Application.php(1107): Illuminate/Console/Command->run(Object(Symfony/Component/Console/Input/ArgvInput), Object(Symfony/Component/Console/Output/ConsoleOutput))
#28 D:/HOPES/Framework_dossier_start/starter_kit_laravel/vendor/symfony/console/Application.php(356): Symfony/Component/Console/Application->doRunCommand(Object(Illuminate/Foundation/Console/OptimizeCommand), Object(Symfony/Component/Console/Input/ArgvInput), Object(Symfony/Component/Console/Output/ConsoleOutput))
#29 D:/HOPES/Framework_dossier_start/starter_kit_laravel/vendor/symfony/console/Application.php(195): Symfony/Component/Console/Application->doRun(Object(Symfony/Component/Console/Input/ArgvInput), Object(Symfony/Component/Console/Output/ConsoleOutput))
#30 D:/HOPES/Framework_dossier_start/starter_kit_laravel/vendor/laravel/framework/src/Illuminate/Foundation/Console/Kernel.php(198): Symfony/Component/Console/Application->run(Object(Symfony/Component/Console/Input/ArgvInput), Object(Symfony/Component/Console/Output/ConsoleOutput))
#31 D:/HOPES/Framework_dossier_start/starter_kit_laravel/vendor/laravel/framework/src/Illuminate/Foundation/Application.php(1235): Illuminate/Foundation/Console/Kernel->handle(Object(Symfony/Component/Console/Input/ArgvInput), Object(Symfony/Component/Console/Output/ConsoleOutput))
#32 D:/HOPES/Framework_dossier_start/starter_kit_laravel/artisan(16): Illuminate/Foundation/Application->handleCommand(Object(Symfony/Component/Console/Input/ArgvInput))
#33 {main}
"} 
[2026-04-14 07:11:56] local.ERROR: The "D:\HOPES\Framework_dossier_start\laravel\app\resources\views" directory does not exist. {"exception":"[object] (Symfony\\Component\\Finder\\Exception\\DirectoryNotFoundException(code: 0): The \"D:\\HOPES\\Framework_dossier_start\\laravel\\app\\resources\\views\" directory does not exist. at D:/HOPES/Framework_dossier_start/starter_kit_laravel2/vendor/symfony/finder/Finder.php:648)
[stacktrace]
#0 D:/HOPES/Framework_dossier_start/starter_kit_laravel2/vendor/laravel/framework/src/Illuminate/Foundation/Console/ViewCacheCommand.php(88): Symfony/Component/Finder/Finder->in(Array)
#1 D:/HOPES/Framework_dossier_start/starter_kit_laravel2/vendor/laravel/framework/src/Illuminate/Foundation/Console/ViewCacheCommand.php(43): Illuminate/Foundation/Console/ViewCacheCommand->bladeFilesIn(Array)
#2 D:/HOPES/Framework_dossier_start/starter_kit_laravel2/vendor/laravel/framework/src/Illuminate/Collections/Traits/EnumeratesValues.php(275): Illuminate/Foundation/Console/ViewCacheCommand->{closure:Illuminate/Foundation/Console/ViewCacheCommand::handle():38}('D://HOPES//Framew...', 0)
#3 D:/HOPES/Framework_dossier_start/starter_kit_laravel2/vendor/laravel/framework/src/Illuminate/Foundation/Console/ViewCacheCommand.php(38): Illuminate/Support/Collection->each(Object(Closure))
#4 D:/HOPES/Framework_dossier_start/starter_kit_laravel2/vendor/laravel/framework/src/Illuminate/Container/BoundMethod.php(36): Illuminate/Foundation/Console/ViewCacheCommand->handle()
#5 D:/HOPES/Framework_dossier_start/starter_kit_laravel2/vendor/laravel/framework/src/Illuminate/Container/Util.php(43): Illuminate/Container/BoundMethod::{closure:Illuminate/Container/BoundMethod::call():35}()
#6 D:/HOPES/Framework_dossier_start/starter_kit_laravel2/vendor/laravel/framework/src/Illuminate/Container/BoundMethod.php(96): Illuminate/Container/Util::unwrapIfClosure(Object(Closure))
#7 D:/HOPES/Framework_dossier_start/starter_kit_laravel2/vendor/laravel/framework/src/Illuminate/Container/BoundMethod.php(35): Illuminate/Container/BoundMethod::callBoundMethod(Object(Illuminate/Foundation/Application), Array, Object(Closure))
#8 D:/HOPES/Framework_dossier_start/starter_kit_laravel2/vendor/laravel/framework/src/Illuminate/Container/Container.php(799): Illuminate/Container/BoundMethod::call(Object(Illuminate/Foundation/Application), Array, Array, NULL)
#9 D:/HOPES/Framework_dossier_start/starter_kit_laravel2/vendor/laravel/framework/src/Illuminate/Console/Command.php(280): Illuminate/Container/Container->call(Array)
#10 D:/HOPES/Framework_dossier_start/starter_kit_laravel2/vendor/symfony/console/Command/Command.php(291): Illuminate/Console/Command->execute(Object(Symfony/Component/Console/Input/ArrayInput), Object(Illuminate/Console/OutputStyle))
#11 D:/HOPES/Framework_dossier_start/starter_kit_laravel2/vendor/laravel/framework/src/Illuminate/Console/Command.php(249): Symfony/Component/Console/Command/Command->run(Object(Symfony/Component/Console/Input/ArrayInput), Object(Illuminate/Console/OutputStyle))
#12 D:/HOPES/Framework_dossier_start/starter_kit_laravel2/vendor/laravel/framework/src/Illuminate/Console/Concerns/CallsCommands.php(68): Illuminate/Console/Command->run(Object(Symfony/Component/Console/Input/ArrayInput), Object(Symfony/Component/Console/Output/NullOutput))
#13 D:/HOPES/Framework_dossier_start/starter_kit_laravel2/vendor/laravel/framework/src/Illuminate/Console/Concerns/CallsCommands.php(41): Illuminate/Console/Command->runCommand('view:cache', Array, Object(Symfony/Component/Console/Output/NullOutput))
#14 D:/HOPES/Framework_dossier_start/starter_kit_laravel2/vendor/laravel/framework/src/Illuminate/Console/Concerns/CallsCommands.php(53): Illuminate/Console/Command->callSilent('view:cache', Array)
#15 D:/HOPES/Framework_dossier_start/starter_kit_laravel2/vendor/laravel/framework/src/Illuminate/Foundation/Console/OptimizeCommand.php(48): Illuminate/Console/Command->callSilently('view:cache')
#16 D:/HOPES/Framework_dossier_start/starter_kit_laravel2/vendor/laravel/framework/src/Illuminate/Console/View/Components/Task.php(43): Illuminate/Foundation/Console/OptimizeCommand->{closure:Illuminate/Foundation/Console/OptimizeCommand::handle():48}()
#17 D:/HOPES/Framework_dossier_start/starter_kit_laravel2/vendor/laravel/framework/src/Illuminate/Console/View/Components/Factory.php(59): Illuminate/Console/View/Components/Task->render('views', Object(Closure))
#18 D:/HOPES/Framework_dossier_start/starter_kit_laravel2/vendor/laravel/framework/src/Illuminate/Foundation/Console/OptimizeCommand.php(48): Illuminate/Console/View/Components/Factory->__call('task', Array)
#19 D:/HOPES/Framework_dossier_start/starter_kit_laravel2/vendor/laravel/framework/src/Illuminate/Container/BoundMethod.php(36): Illuminate/Foundation/Console/OptimizeCommand->handle()
#20 D:/HOPES/Framework_dossier_start/starter_kit_laravel2/vendor/laravel/framework/src/Illuminate/Container/Util.php(43): Illuminate/Container/BoundMethod::{closure:Illuminate/Container/BoundMethod::call():35}()
#21 D:/HOPES/Framework_dossier_start/starter_kit_laravel2/vendor/laravel/framework/src/Illuminate/Container/BoundMethod.php(96): Illuminate/Container/Util::unwrapIfClosure(Object(Closure))
#22 D:/HOPES/Framework_dossier_start/starter_kit_laravel2/vendor/laravel/framework/src/Illuminate/Container/BoundMethod.php(35): Illuminate/Container/BoundMethod::callBoundMethod(Object(Illuminate/Foundation/Application), Array, Object(Closure))
#23 D:/HOPES/Framework_dossier_start/starter_kit_laravel2/vendor/laravel/framework/src/Illuminate/Container/Container.php(799): Illuminate/Container/BoundMethod::call(Object(Illuminate/Foundation/Application), Array, Array, NULL)
#24 D:/HOPES/Framework_dossier_start/starter_kit_laravel2/vendor/laravel/framework/src/Illuminate/Console/Command.php(280): Illuminate/Container/Container->call(Array)
#25 D:/HOPES/Framework_dossier_start/starter_kit_laravel2/vendor/symfony/console/Command/Command.php(291): Illuminate/Console/Command->execute(Object(Symfony/Component/Console/Input/ArgvInput), Object(Illuminate/Console/OutputStyle))
#26 D:/HOPES/Framework_dossier_start/starter_kit_laravel2/vendor/laravel/framework/src/Illuminate/Console/Command.php(249): Symfony/Component/Console/Command/Command->run(Object(Symfony/Component/Console/Input/ArgvInput), Object(Illuminate/Console/OutputStyle))
#27 D:/HOPES/Framework_dossier_start/starter_kit_laravel2/vendor/symfony/console/Application.php(1107): Illuminate/Console/Command->run(Object(Symfony/Component/Console/Input/ArgvInput), Object(Symfony/Component/Console/Output/ConsoleOutput))
#28 D:/HOPES/Framework_dossier_start/starter_kit_laravel2/vendor/symfony/console/Application.php(356): Symfony/Component/Console/Application->doRunCommand(Object(Illuminate/Foundation/Console/OptimizeCommand), Object(Symfony/Component/Console/Input/ArgvInput), Object(Symfony/Component/Console/Output/ConsoleOutput))
#29 D:/HOPES/Framework_dossier_start/starter_kit_laravel2/vendor/symfony/console/Application.php(195): Symfony/Component/Console/Application->doRun(Object(Symfony/Component/Console/Input/ArgvInput), Object(Symfony/Component/Console/Output/ConsoleOutput))
#30 D:/HOPES/Framework_dossier_start/starter_kit_laravel2/vendor/laravel/framework/src/Illuminate/Foundation/Console/Kernel.php(198): Symfony/Component/Console/Application->run(Object(Symfony/Component/Console/Input/ArgvInput), Object(Symfony/Component/Console/Output/ConsoleOutput))
#31 D:/HOPES/Framework_dossier_start/starter_kit_laravel2/vendor/laravel/framework/src/Illuminate/Foundation/Application.php(1235): Illuminate/Foundation/Console/Kernel->handle(Object(Symfony/Component/Console/Input/ArgvInput), Object(Symfony/Component/Console/Output/ConsoleOutput))
#32 D:/HOPES/Framework_dossier_start/starter_kit_laravel2/artisan(16): Illuminate/Foundation/Application->handleCommand(Object(Symfony/Component/Console/Input/ArgvInput))
#33 {main}
"} 
